property_id,grocery_id
9,137
9,238
10,137
10,238
33,99
100,238
119,282
120,282
121,282
122,282
123,282
126,282
142,282
150,282
253,163
253,263
258,317
265,163
265,263
266,317
273,263
274,163
274,263
276,163
276,263
277,163
277,263
281,163
281,263
286,163
286,263
407,304
408,304
421,162
421,211
421,294
437,82
441,243
445,243
449,243
465,243
471,300
472,243
473,243
474,243
476,82
481,302
483,243
483,333
490,32
490,182
490,290
491,32
491,182
491,290
494,32
494,154
494,182
494,290
495,82
496,32
497,32
497,154
497,182
497,290
504,82
506,189
514,82
520,82
525,154
525,182
525,290
526,82
530,154
530,182
569,82
570,82
571,82
572,82
574,82
575,82
576,82
585,32
585,154
585,182
585,290
594,82
595,82
602,32
604,82
618,189
631,82
647,32
647,290
651,32
651,154
651,182
651,290
656,154
656,182
673,32
673,154
673,182
673,290
674,32
674,154
674,290
684,32
684,154
684,182
684,290
685,154
727,82
736,82
746,32
746,154
746,182
746,290
749,32
749,290
750,154
750,182
751,154
754,82
776,189
777,189
778,189
779,189
782,154
783,154
785,32
785,154
785,290
790,32
790,290
964,7
964,13
964,45
964,96
964,115
965,7
965,13
965,45
965,96
965,115
966,9
966,33
966,86
967,12
967,22
967,45
967,96
967,105
967,120
967,123
968,9
968,33
968,86
969,7
969,13
969,45
969,96
969,115
970,7
970,13
970,29
970,115
971,9
971,33
971,86
972,172
972,181
972,262
973,111
973,212
974,54
974,212
974,260
975,54
975,74
975,241
976,55
978,54
978,212
978,241
978,260
980,111
981,73
981,111
982,73
982,111
983,11
983,135
983,212
984,54
984,241
985,11
985,111
985,212
986,11
986,111
986,212
987,73
987,111
988,54
989,54
989,212
989,241
991,11
991,111
991,212
992,73
993,22
993,26
993,73
994,55
994,73
995,54
995,212
995,241
996,135
996,212
996,260
997,11
997,111
997,135
998,11
998,111
998,212
999,22
999,55
999,73
999,120
999,123
1000,26
1000,73
1001,111
1001,212
1002,54
1002,74
1002,241
1003,73
1003,111
1004,111
1004,212
1005,111
1005,212
1006,73
1006,111
1007,55
1007,73
1007,111
1008,73
1009,111
1010,54
1010,212
1010,241
1010,260
1011,54
1011,212
1011,241
1011,260
1013,73
1013,111
1014,54
1014,212
1014,241
1014,260
1015,54
1015,241
1016,111
1017,111
1018,73
1018,111
1019,55
1019,73
1020,55
1020,73
1021,111
1022,54
1023,54
1024,54
1024,212
1025,54
1025,212
1026,73
1026,111
1027,111
1027,212
1028,54
1028,212
1028,241
1028,260
1029,73
1029,111
1030,54
1031,73
1031,111
1032,54
1033,111
1034,73
1035,55
1035,73
1035,111
1036,11
1036,111
1037,55
1037,73
1038,55
1038,73
1038,111
1039,11
1039,111
1039,135
1039,212
1040,54
1040,241
1040,260
1042,54
1042,212
1042,241
1043,11
1043,111
1043,135
1043,212
1044,54
1044,74
1044,241
1045,11
1045,111
1046,54
1046,74
1046,241
1047,26
1048,73
1050,54
1050,212
1051,111
1052,111
1053,55
1053,73
1053,111
1055,54
1055,212
1055,241
1056,11
1056,111
1056,135
1056,212
1057,54
1057,212
1057,241
1058,22
1058,26
1058,73
1059,55
1060,22
1060,73
1060,123
1061,54
1061,241
1062,11
1062,135
1063,22
1063,55
1063,73
1063,120
1063,123
1064,54
1064,241
1066,73
1066,111
1068,54
1068,241
1069,111
1070,54
1070,212
1071,11
1071,111
1071,212
1072,111
1073,11
1073,135
1073,212
1073,260
1074,22
1074,26
1075,55
1075,73
1075,123
1076,12
1076,22
1076,26
1076,73
1076,105
1076,120
1076,123
1078,135
1078,212
1078,260
1079,11
1079,111
1080,11
1080,111
1080,135
1082,55
1082,73
1082,111
1083,11
1083,135
1083,212
1083,260
1084,54
1084,74
1084,241
1086,26
1087,11
1087,111
1087,135
1087,212
1088,22
1088,55
1088,73
1088,120
1088,123
1089,11
1089,111
1089,212
1090,111
1092,54
1092,74
1092,241
1093,22
1093,55
1093,120
1093,123
1094,26
1095,55
1095,73
1097,22
1097,55
1097,120
1097,123
1098,55
1098,123
1099,22
1099,55
1099,123
1100,22
1100,26
1100,73
1100,105
1100,120
1100,123
1101,26
1101,73
1102,111
1103,54
1103,212
1104,73
1104,111
1105,73
1105,111
1106,73
1106,111
1107,22
1107,73
1108,54
1108,212
1108,241
1109,11
1109,111
1109,135
1110,54
1110,241
1111,12
1111,22
1111,26
1111,55
1111,73
1111,105
1111,120
1111,123
1112,11
1112,111
1113,11
1113,111
1113,212
1114,22
1114,55
1114,73
1114,123
1115,55
1115,73
1116,11
1116,111
1116,212
1117,54
1118,54
1118,212
1118,241
1119,54
1119,212
1119,241
1120,54
1120,212
1120,241
1121,54
1121,212
1121,241
1122,54
1122,212
1122,241
1123,11
1123,135
1123,212
1123,260
1124,55
1126,73
1126,111
1127,55
1127,73
1127,111
1128,73
1128,111
1129,73
1129,111
1130,11
1130,135
1131,55
1131,123
1132,11
1132,135
1133,11
1133,111
1133,135
1133,212
1134,22
1134,26
1134,73
1134,105
1134,120
1134,123
1135,55
1135,73
1135,111
1136,55
1136,73
1136,111
1137,73
1137,111
1138,73
1138,111
1139,11
1139,135
1139,212
1140,55
1140,123
1146,22
1146,26
1147,22
1147,26
1147,73
1148,22
1148,26
1148,73
1148,123
1149,22
1149,26
1149,73
1149,123
1150,73
1151,26
1151,73
1152,73
1153,73
1153,111
1154,73
1154,111
1155,73
1155,111
1156,111
1157,111
1158,111
1159,111
1160,11
1160,111
1161,135
1162,12
1162,22
1162,26
1162,73
1162,105
1162,120
1162,123
1163,22
1163,26
1163,73
1163,105
1163,120
1163,123
1164,22
1164,26
1164,55
1164,73
1164,120
1164,123
1165,11
1165,111
1165,212
1166,11
1166,111
1166,212
1167,11
1167,111
1167,212
1168,11
1168,111
1168,212
1169,11
1169,111
1169,135
1169,212
1170,11
1170,111
1170,135
1171,22
1171,55
1171,73
1171,123
1172,55
1172,73
1172,111
1173,11
1173,111
1173,135
1173,212
1174,11
1174,111
1174,135
1174,212
1175,11
1175,135
1175,212
1175,260
1176,22
1176,55
1176,73
1176,123
1177,212
1178,54
1178,212
1179,55
1179,123
1180,55
1181,54
1181,212
1182,54
1182,212
1182,241
1183,54
1183,212
1183,241
1184,54
1184,212
1184,241
1184,260
1185,54
1185,212
1185,241
1185,260
1186,54
1186,74
1186,241
1187,54
1187,74
1187,241
1188,54
1188,212
1188,241
1188,260
1189,54
1189,241
1190,54
1190,74
1190,241
1191,26
1193,135
1194,55
1194,73
1194,111
1195,73
1195,111
1198,26
1199,26
1200,22
1200,26
1200,73
1201,73
1201,111
1202,111
1203,11
1203,135
1204,22
1204,73
1204,123
1205,11
1205,111
1205,135
1206,11
1206,111
1206,135
1207,11
1207,111
1207,135
1208,11
1208,111
1208,135
1209,73
1209,111
1210,73
1210,111
1211,22
1211,55
1211,73
1211,120
1211,123
1212,55
1212,73
1213,111
1214,55
1214,73
1215,55
1215,73
1215,111
1216,11
1216,111
1216,212
1217,11
1217,111
1217,212
1218,11
1218,135
1218,212
1218,260
1219,135
1219,212
1219,260
1220,55
1221,55
1222,54
1222,212
1223,54
1223,212
1223,241
1223,260
1224,54
1224,241
1225,54
1225,74
1225,241
1226,22
1226,55
1226,73
1226,120
1226,123
1227,22
1227,55
1227,73
1227,120
1227,123
1228,22
1228,55
1228,73
1228,120
1228,123
1229,22
1229,55
1229,73
1229,120
1229,123
1230,22
1230,55
1230,120
1230,123
1231,55
1231,123
1232,54
1232,212
1232,241
1233,54
1233,212
1233,241
1235,54
1235,212
1235,241
1236,54
1236,212
1236,241
1237,55
1237,73
1237,111
1238,11
1238,111
1238,135
1238,212
1241,11
1241,111
1242,54
1242,212
1244,73
1245,11
1245,111
1245,135
1245,212
1246,11
1246,111
1246,135
1246,212
1247,11
1247,111
1247,135
1247,212
1249,11
1249,111
1249,135
1249,212
1249,260
1250,11
1250,111
1250,135
1250,212
1251,73
1251,111
1252,54
1252,212
1252,260
1253,55
1254,73
1255,54
1255,212
1256,11
1256,111
1256,212
1257,11
1257,111
1257,135
1258,11
1258,111
1258,135
1259,54
1259,212
1259,241
1260,54
1260,212
1260,241
1261,54
1262,22
1262,73
1263,11
1263,111
1263,212
1264,11
1264,111
1264,212
1265,11
1265,111
1265,212
1266,54
1266,241
1267,11
1267,111
1268,11
1268,111
1269,11
1269,135
1269,212
1269,260
1270,55
1271,55
1272,54
1272,212
1272,241
1272,260
1273,54
1273,212
1273,241
1273,260
1274,54
1274,212
1274,260
1275,55
1275,73
1276,54
1278,11
1278,111
1279,11
1279,135
1279,212
1280,55
1280,73
1281,11
1281,135
1281,260
1282,55
1283,55
1284,54
1285,54
1286,212
1286,260
1287,11
1287,111
1287,212
1290,11
1290,111
1290,135
1290,212
1291,54
1291,241
1292,54
1292,212
1292,260
1293,22
1293,73
1293,123
1294,22
1294,55
1294,73
1294,123
1295,30
1295,56
1296,30
1296,56
1297,30
1297,56
1298,5
1299,5
1300,5
1301,30
1303,30
1304,5
1305,30
1306,30
1307,29
1308,56
1309,29
1310,29
1311,30
1312,29
1313,5
1314,29
1315,5
1316,5
1317,29
1318,29
1319,5
1320,6
1320,9
1320,86
1322,30
1323,30
1324,30
1325,56
1327,7
1327,13
1327,29
1328,30
1329,30
1331,30
1331,56
1332,56
1333,29
1336,30
1337,5
1340,5
1341,56
1342,30
1349,5
1350,29
1351,30
1352,29
1353,30
1358,6
1358,56
1359,6
1359,9
1359,33
1359,86
1360,30
1361,56
1362,29
1363,5
1365,7
1365,29
1366,7
1366,29
1366,33
1368,29
1369,29
1370,30
1371,29
1372,30
1376,30
1377,30
1379,9
1379,86
1381,30
1382,7
1382,29
1383,29
1389,30
1390,30
1391,30
1394,30
1395,56
1396,30
1397,30
1398,56
1399,30
1399,56
1401,29
1402,30
1403,5
1405,30
1406,7
1406,29
1407,30
1408,5
1410,5
1412,5
1413,29
1414,5
1416,5
1417,5
1418,30
1419,30
1420,9
1420,29
1420,33
1420,86
1421,9
1421,29
1421,86
1425,30
1426,5
1427,5
1429,30
1430,30
1431,29
1432,5
1433,5
1436,30
1442,7
1442,13
1442,29
1443,7
1443,13
1443,29
1443,115
1444,29
1444,33
1445,7
1445,29
1446,5
1447,5
1448,5
1449,29
1450,29
1455,5
1457,30
1458,30
1466,56
1467,56
1468,30
1468,56
1469,30
1470,30
1470,56
1471,30
1472,30
1473,30
1474,6
1474,56
1476,30
1477,30
1478,5
1479,29
1480,29
1481,29
1482,5
1482,29
1483,29
1490,56
1491,30
1491,56
1492,30
1492,56
1493,30
1497,6
1497,9
1497,86
1498,5
1498,29
1499,5
1501,29
1503,29
1505,5
1507,29
1508,29
1509,29
1511,5
1513,29
1514,29
1516,7
1516,13
1516,29
1517,7
1517,13
1517,29
1519,30
1520,5
1521,5
1522,5
1523,5
1524,5
1525,5
1526,5
1527,5
1528,5
1529,5
1530,5
1531,3
1531,8
1531,21
1531,95
1531,100
1532,43
1532,65
1532,89
1533,14
1533,17
1533,51
1534,34
1534,43
1534,65
1535,43
1535,65
1536,43
1536,65
1537,43
1538,43
1539,51
1540,51
1541,51
1542,3
1542,21
1542,95
1542,100
1543,3
1544,43
1544,89
1545,26
1546,3
1546,251
1547,18
1547,34
1547,43
1547,65
1547,87
1548,8
1548,26
1550,18
1550,43
1550,65
1550,87
1551,34
1551,43
1551,65
1552,3
1552,95
1553,3
1553,95
1555,3
1555,95
1556,43
1557,43
1557,65
1557,89
1558,3
1558,8
1558,21
1558,34
1558,95
1558,100
1559,3
1559,21
1559,95
1560,3
1560,251
1561,8
1563,43
1563,65
1564,18
1564,43
1564,65
1564,87
1565,18
1565,34
1565,43
1565,65
1566,18
1566,34
1566,43
1566,65
1567,43
1567,89
1568,43
1568,89
1570,18
1570,65
1570,87
1571,18
1571,65
1571,87
1572,26
1573,21
1574,8
1575,51
1577,43
1578,51
1579,3
1579,21
1579,95
1579,100
1580,51
1581,3
1581,21
1581,95
1582,3
1582,21
1582,95
1583,3
1583,95
1587,43
1588,8
1588,34
1588,65
1588,87
1588,100
1589,17
1589,41
1589,216
1590,8
1590,18
1590,34
1590,65
1590,87
1590,100
1591,21
1592,8
1592,21
1592,100
1593,34
1593,65
1593,100
1594,26
1595,43
1595,89
1596,8
1596,34
1596,65
1596,100
1597,21
1597,34
1597,95
1597,100
1598,18
1598,65
1598,87
1599,110
1601,43
1601,51
1602,18
1602,65
1602,87
1603,8
1603,21
1603,34
1603,100
1605,8
1605,21
1605,34
1605,100
1606,14
1606,17
1606,51
1607,14
1607,17
1607,51
1608,34
1608,65
1608,100
1609,43
1609,89
1610,3
1610,21
1610,95
1611,18
1611,34
1611,43
1611,65
1612,18
1612,65
1612,87
1614,18
1614,34
1614,65
1614,87
1614,100
1615,43
1615,89
1616,21
1617,43
1617,51
1618,34
1618,43
1618,65
1619,3
1619,95
1620,41
1620,216
1621,34
1621,43
1621,65
1622,18
1622,65
1622,87
1623,3
1623,95
1624,51
1626,8
1626,21
1626,34
1626,100
1628,43
1628,51
1629,43
1630,8
1630,21
1630,95
1631,21
1632,51
1633,51
1634,8
1634,21
1634,95
1635,8
1635,21
1635,34
1635,100
1636,34
1636,65
1636,100
1637,3
1637,21
1637,95
1639,51
1640,43
1640,65
1640,89
1641,51
1642,8
1642,21
1642,34
1642,65
1642,100
1643,51
1644,43
1644,89
1645,18
1645,65
1645,87
1646,8
1646,21
1646,100
1647,8
1647,34
1647,65
1647,87
1647,100
1648,43
1648,89
1649,8
1649,34
1649,65
1649,87
1649,100
1650,3
1650,34
1650,95
1652,3
1652,21
1652,95
1653,43
1653,89
1654,3
1654,21
1654,95
1655,18
1655,65
1655,87
1656,3
1656,95
1657,3
1657,110
1657,251
1658,14
1658,17
1658,41
1658,51
1658,216
1659,18
1659,34
1659,65
1659,87
1659,100
1660,43
1661,43
1662,43
1662,51
1666,43
1667,51
1668,3
1668,21
1668,95
1669,26
1670,34
1670,43
1670,65
1671,51
1672,18
1672,65
1672,87
1673,51
1674,34
1674,43
1674,65
1675,18
1675,43
1675,65
1675,89
1676,43
1677,14
1677,17
1677,41
1677,51
1677,216
1678,8
1679,34
1679,43
1679,65
1680,26
1681,3
1681,95
1682,8
1682,21
1682,34
1682,100
1683,17
1683,41
1683,216
1685,8
1685,21
1685,34
1685,95
1685,100
1687,3
1687,21
1687,95
1688,110
1689,3
1689,110
1690,34
1690,65
1690,100
1691,43
1692,8
1692,21
1692,95
1693,8
1693,34
1693,65
1693,87
1693,100
1694,43
1694,89
1695,3
1695,110
1695,251
1696,51
1697,34
1697,43
1697,65
1698,8
1698,34
1698,65
1698,100
1699,51
1700,51
1701,8
1701,26
1702,51
1703,3
1703,95
1704,14
1704,17
1704,51
1705,3
1705,110
1705,251
1706,3
1706,110
1706,251
1707,3
1707,95
1708,43
1708,65
1708,89
1709,51
1713,3
1713,110
1713,251
1714,43
1714,89
1715,43
1715,65
1715,89
1716,17
1716,41
1716,216
1717,43
1717,89
1718,43
1718,89
1719,43
1719,89
1720,43
1721,43
1721,65
1721,89
1722,17
1722,51
1723,17
1723,51
1724,51
1725,18
1725,65
1725,87
1726,3
1726,110
1726,251
1727,8
1727,21
1727,34
1727,95
1727,100
1728,43
1728,65
1728,89
1729,18
1729,34
1729,43
1729,65
1729,87
1730,17
1730,51
1731,8
1731,21
1731,34
1731,100
1732,34
1732,43
1732,65
1733,21
1733,34
1733,95
1733,100
1734,43
1734,89
1735,43
1735,89
1736,43
1737,8
1737,21
1737,100
1738,18
1738,43
1738,65
1738,87
1738,89
1739,3
1743,21
1743,95
1744,3
1744,110
1744,251
1746,17
1746,51
1747,3
1747,34
1747,95
1748,43
1748,89
1749,3
1749,21
1749,95
1749,100
1751,8
1751,34
1751,65
1751,100
1752,8
1752,21
1752,34
1752,95
1752,100
1753,8
1753,21
1753,34
1753,100
1755,43
1756,3
1756,21
1756,34
1756,95
1757,34
1757,43
1757,65
1758,3
1758,95
1759,8
1759,34
1759,65
1759,100
1760,34
1763,34
1763,65
1763,100
1764,51
1766,43
1766,89
1767,43
1767,89
1770,43
1770,89
1771,3
1771,21
1771,95
1772,3
1772,21
1772,95
1774,51
1775,3
1775,21
1775,95
1776,10
1776,14
1776,17
1776,41
1776,216
1777,14
1777,17
1777,51
1778,51
1779,51
1782,43
1782,89
1784,8
1784,34
1784,65
1784,87
1784,100
1785,18
1785,65
1785,87
1786,89
1787,89
1788,43
1788,65
1789,34
1789,43
1789,65
1790,34
1790,43
1790,65
1791,8
1791,18
1791,34
1791,65
1791,87
1791,100
1792,8
1792,34
1792,65
1792,100
1793,8
1793,26
1795,3
1795,95
1796,34
1796,65
1796,100
1797,34
1797,65
1797,100
1798,34
1798,65
1798,100
1799,3
1799,21
1799,95
1800,8
1800,21
1800,34
1800,100
1801,51
1802,51
1803,8
1803,34
1803,65
1803,87
1803,100
1805,89
1806,8
1806,34
1806,65
1806,100
1807,21
1807,34
1807,100
1808,8
1808,21
1808,34
1808,100
1809,34
1810,34
1811,34
1812,34
1813,34
1814,3
1814,95
1815,3
1815,95
1816,34
1816,95
1817,3
1817,95
1818,3
1818,110
1818,251
1819,3
1819,251
1820,34
1820,65
1820,100
1821,18
1821,34
1821,65
1821,87
1821,100
1822,34
1822,43
1822,65
1823,34
1823,43
1823,65
1824,34
1824,43
1824,65
1825,43
1826,43
1827,43
1828,43
1828,51
1829,43
1830,8
1830,18
1830,34
1830,65
1830,87
1830,100
1831,8
1831,18
1831,34
1831,65
1831,87
1831,100
1832,8
1832,18
1832,34
1832,65
1832,87
1832,100
1833,8
1833,18
1833,34
1833,65
1833,87
1833,100
1834,18
1834,65
1834,87
1835,18
1835,65
1835,87
1836,43
1836,65
1836,89
1837,43
1837,65
1837,89
1838,34
1838,43
1838,65
1838,89
1839,34
1839,43
1839,65
1839,89
1840,34
1840,43
1840,65
1841,18
1841,43
1841,65
1841,87
1841,89
1842,18
1842,43
1842,65
1842,87
1843,43
1843,89
1844,43
1844,89
1845,43
1845,89
1846,43
1846,89
1847,8
1847,100
1848,8
1849,8
1850,8
1850,21
1851,8
1851,21
1852,8
1852,21
1852,100
1853,8
1853,21
1855,8
1855,21
1855,95
1856,8
1856,21
1856,95
1857,21
1858,21
1858,95
1859,3
1859,21
1859,95
1860,8
1860,21
1860,34
1860,100
1861,8
1861,21
1861,34
1861,100
1862,34
1862,65
1862,100
1863,51
1864,51
1865,2
1865,6
1865,23
1865,58
1865,68
1865,103
1865,117
1866,6
1866,23
1866,68
1866,103
1866,117
1867,103
1867,116
1867,117
1868,103
1868,116
1869,6
1869,35
1869,103
1869,117
1870,9
1870,33
1870,86
1871,9
1871,29
1871,33
1871,86
1872,9
1872,29
1872,33
1872,86
1873,6
1873,9
1873,35
1873,86
1874,6
1874,35
1874,103
1874,117
1875,9
1875,29
1875,33
1875,86
1876,116
1877,6
1877,56
1877,103
1878,35
1878,103
1878,116
1879,116
1880,116
1881,116
1882,9
1882,33
1882,86
1883,1
1883,116
1883,117
1884,9
1884,29
1884,33
1884,86
1885,6
1885,35
1885,103
1885,116
1885,117
1886,6
1886,23
1886,68
1886,103
1886,116
1886,117
1887,6
1887,9
1887,35
1887,86
1887,103
1888,2
1888,6
1888,56
1889,6
1889,9
1889,33
1889,35
1889,86
1889,103
1890,2
1890,6
1890,56
1891,9
1891,29
1891,33
1891,86
1893,254
1955,185
1956,185
1958,135
1958,260
1962,185
1963,185
1964,185
1966,185
1969,185
1970,260
1971,185
1972,260
1973,260
1974,185
1975,185
1976,260
1977,185
1979,185
1980,185
1986,185
1986,260
1990,185
1991,185
1993,260
1994,260
1995,185
1997,185
1998,185
1999,260
2002,260
2005,185
2008,185
2012,185
2013,185
2014,185
2015,241
2015,260
2018,260
2020,185
2024,185
2025,260
2033,185
2036,260
2037,185
2041,185
2042,260
2044,260
2045,260
2046,260
2048,185
2049,181
2049,185
2053,185
2053,260
2054,260
2055,185
2055,260
2056,185
2058,185
2059,185
2060,185
2062,260
2063,185
2064,185
2066,212
2066,260
2068,260
2069,260
2070,185
2077,185
2078,185
2079,185
2080,185
2081,185
2082,185
2083,185
2084,185
2085,185
2086,185
2089,260
2090,260
2091,260
2092,260
2095,260
2096,260
2101,135
2103,135
2104,260
2108,185
2109,185
2110,185
2111,185
2113,185
2114,185
2115,185
2116,185
2117,185
2119,185
2121,260
2122,260
2123,260
2125,260
2127,260
2130,212
2130,260
2132,185
2133,260
2134,135
2136,185
2136,260
2137,185
2137,260
2138,135
2140,116
2141,1
2141,116
2142,116
2143,116
2144,1
2144,74
2144,116
2145,74
2146,116
2147,74
2148,1
2148,116
2149,1
2149,4
2149,70
2151,54
2151,74
2151,241
2152,1
2152,70
2152,74
2153,116
2154,54
2154,74
2154,241
2155,1
2155,4
2155,70
2156,1
2156,4
2156,70
2157,1
2157,4
2157,70
2158,54
2158,74
2160,116
2161,116
2162,54
2162,74
2162,241
2164,116
2165,116
2167,116
2168,74
2169,74
2170,116
2171,1
2171,4
2171,70
2172,54
2173,54
2174,54
2175,54
2175,74
2175,241
2178,74
2179,1
2179,4
2179,70
2180,54
2180,74
2182,54
2182,74
2182,241
2183,54
2183,74
2183,241
2184,116
2185,54
2185,70
2185,74
2185,241
2186,54
2186,74
2186,241
2187,54
2187,74
2187,241
2188,54
2188,74
2188,241
2189,1
2189,116
2190,1
2190,116
2191,54
2191,74
2191,241
2192,54
2192,74
2192,241
2193,54
2193,74
2193,241
2194,70
2194,74
2195,70
2195,74
2196,70
2196,74
2197,70
2197,74
2198,54
2198,74
2198,241
2199,116
2200,44
2200,207
2200,283
2201,44
2201,207
2201,283
2202,172
2202,262
2203,172
2203,181
2203,262
2204,172
2204,262
2205,44
2205,207
2205,283
2207,44
2207,207
2207,283
2208,172
2208,262
2210,94
2210,157
2210,269
2211,44
2211,207
2211,283
2213,44
2213,207
2213,283
2214,44
2214,207
2214,283
2215,181
2215,185
2216,172
2216,262
2217,44
2217,207
2217,283
2218,172
2218,262
2219,207
2219,283
2222,181
2223,172
2223,181
2223,185
2223,262
2224,181
2224,185
2225,44
2225,207
2225,283
2226,44
2226,207
2226,283
2227,157
2227,269
2230,44
2230,207
2230,283
2231,172
2231,262
2232,157
2232,269
2233,70
2233,74
2233,241
2234,25
2234,172
2234,262
2235,172
2235,262
2237,157
2237,269
2238,94
2238,151
2238,157
2238,269
2239,4
2240,44
2240,207
2240,283
2241,4
2242,172
2242,262
2244,157
2245,157
2245,269
2246,44
2246,207
2246,283
2247,172
2247,181
2247,262
2248,172
2248,181
2248,262
2249,4
2249,25
2250,44
2250,207
2250,283
2251,44
2251,207
2251,283
2254,44
2254,207
2254,283
2256,181
2257,172
2257,262
2258,181
2262,54
2262,74
2262,241
2263,172
2263,181
2263,185
2263,262
2264,172
2264,181
2264,262
2265,181
2266,181
2267,283
2268,4
2268,25
2270,25
2270,172
2270,262
2272,172
2272,262
2274,94
2274,157
2274,269
2275,172
2275,262
2277,157
2278,44
2278,207
2278,283
2279,44
2279,207
2279,283
2280,94
2280,151
2280,157
2280,269
2281,25
2283,44
2283,207
2283,283
2284,172
2284,181
2284,262
2285,172
2285,262
2286,94
2286,151
2286,157
2286,269
2288,44
2288,207
2288,283
2289,44
2289,207
2289,283
2290,157
2290,269
2291,44
2291,207
2291,283
2292,207
2293,54
2293,74
2293,241
2294,54
2294,74
2294,241
2296,181
2296,185
2297,172
2297,181
2297,185
2297,262
2298,172
2298,181
2298,262
2299,172
2299,262
2302,25
2304,25
2305,25
2310,157
2310,269
2311,157
2311,269
2312,44
2312,207
2312,283
2313,141
2315,25
2315,172
2315,262
2316,25
2316,172
2316,262
2317,172
2317,262
2318,25
2319,172
2319,262
2320,44
2320,207
2320,283
2321,44
2321,207
2321,283
2322,54
2322,74
2322,241
2323,54
2323,74
2323,241
2324,181
2326,172
2326,181
2326,262
2327,172
2327,181
2327,262
2328,4
2328,25
2331,157
2331,269
2333,94
2333,151
2333,157
2333,269
2336,74
2336,241
2337,74
2337,241
2338,74
2338,241
2339,74
2339,241
2340,74
2340,241
2341,74
2341,241
2342,74
2342,241
2343,74
2343,241
2344,25
2344,70
2345,172
2345,181
2345,185
2345,262
2346,25
2346,70
2347,25
2347,70
2348,74
2348,241
2349,25
2349,70
2350,4
2350,25
2350,70
2351,4
2351,25
2351,70
2352,4
2352,25
2352,70
2353,4
2353,25
2353,70
2354,25
2354,70
2355,25
2355,70
2356,25
2356,70
2357,4
2357,25
2357,70
2358,4
2358,25
2358,70
2359,4
2359,25
2359,70
2360,25
2360,70
2361,25
2361,70
2362,25
2362,70
2363,4
2363,25
2363,70
2364,4
2364,25
2364,70
2365,4
2365,25
2365,70
2366,4
2366,25
2366,70
2367,25
2367,70
2368,25
2368,70
2369,25
2369,70
2370,25
2370,70
2371,25
2371,70
2372,25
2372,70
2373,25
2373,70
2374,25
2374,70
2375,25
2375,70
2376,25
2376,70
2377,25
2377,70
2378,25
2378,70
2379,25
2379,70
2380,25
2380,70
2381,25
2381,70
2382,25
2382,70
2383,25
2383,70
2384,25
2384,70
2385,4
2385,25
2385,70
2386,4
2386,25
2386,70
2387,172
2387,181
2387,185
2387,262
2388,25
2389,25
2390,25
2391,25
2392,25
2393,25
2394,25
2395,25
2400,25
2405,4
2405,25
2405,70
2406,4
2406,25
2406,70
2412,25
2412,70
2413,25
2413,70
2414,25
2414,70
2415,4
2415,25
2415,70
2416,4
2416,25
2416,70
2417,4
2417,25
2417,70
2418,4
2418,25
2418,70
2419,4
2419,25
2419,70
2420,4
2420,25
2420,70
2421,4
2421,25
2421,70
2422,4
2422,25
2422,70
2423,241
2424,25
2425,25
2425,74
2426,25
2426,70
2426,74
2427,25
2427,70
2427,74
2428,25
2428,70
2428,74
2429,25
2429,70
2429,74
2430,25
2430,70
2430,74
2431,25
2431,70
2432,25
2432,70
2433,25
2433,70
2434,25
2435,25
2436,25
2437,25
2437,172
2437,262
2438,25
2438,70
2439,4
2439,25
2439,70
2440,4
2440,25
2440,70
2441,4
2441,25
2441,70
2442,25
2442,70
2442,74
2443,25
2443,70
2443,74
2444,25
2444,70
2444,74
2445,25
2445,70
2445,74
2446,25
2446,70
2446,74
2447,25
2448,25
2449,25
2450,25
2451,25
2452,25
2452,172
2452,262
2453,25
2453,172
2453,262
2454,25
2455,25
2455,172
2455,262
2456,25
2456,172
2456,262
2457,25
2457,70
2458,25
2458,70
2459,25
2459,70
2460,25
2460,70
2461,25
2461,70
2462,25
2462,70
2462,74
2463,25
2463,70
2464,25
2464,70
2465,25
2465,70
2466,25
2466,70
2467,283
2468,283
2469,283
2470,283
2471,283
2472,283
2473,283
2474,25
2474,70
2475,25
2475,70
2476,25
2476,70
2477,25
2477,70
2478,25
2478,70
2479,25
2479,70
2480,25
2480,70
2481,25
2481,70
2482,25
2482,70
2483,25
2483,172
2483,262
2484,25
2484,70
2485,25
2485,70
2486,25
2486,70
2487,25
2487,70
2488,25
2488,70
2489,25
2489,70
2490,25
2490,70
2491,25
2491,70
2492,25
2492,70
2493,25
2493,70
2494,25
2494,70
2495,25
2495,70
2496,25
2496,70
2497,25
2497,70
2498,25
2498,70
2499,25
2499,70
2500,25
2500,70
2501,283
2502,54
2502,74
2502,241
2503,25
2504,25
2504,172
2504,262
2505,25
2505,172
2505,262
2506,25
2506,70
2507,25
2507,70
2508,54
2508,74
2508,241
2509,54
2509,74
2509,241
2510,25
2510,172
2510,262
2511,25
2511,172
2511,262
2512,25
2512,172
2512,262
2513,25
2513,172
2513,262
2514,25
2514,172
2514,262
2515,25
2515,172
2515,262
2516,25
2516,172
2516,262
2517,25
2517,172
2517,262
2518,25
2518,172
2518,262
2519,25
2520,25
2521,25
2522,25
2523,25
2524,25
2525,25
2525,172
2525,262
2526,25
2526,172
2526,262
2527,25
2527,172
2527,262
2528,25
2528,70
2528,172
2528,262
2529,25
2529,70
2529,172
2529,262
2530,25
2530,172
2530,262
2531,25
2531,70
2531,172
2531,262
2532,25
2532,172
2532,262
2533,25
2533,172
2533,262
2534,25
2534,172
2534,262
2535,25
2535,172
2535,262
2536,25
2536,172
2536,262
2537,25
2537,172
2537,262
2538,25
2538,172
2538,262
2539,172
2539,181
2539,262
2540,172
2540,181
2540,262
2541,172
2541,181
2541,262
2542,172
2542,181
2542,262
2543,172
2543,181
2543,262
2544,172
2544,181
2544,262
2545,172
2545,181
2545,262
2546,25
2546,70
2547,25
2547,70
2548,25
2548,70
2549,25
2549,70
2550,25
2550,70
2550,172
2550,262
2551,25
2551,70
2552,25
2552,70
2553,25
2553,70
2554,25
2554,70
2555,25
2555,70
2556,25
2556,172
2556,262
2557,25
2557,172
2557,262
2558,25
2558,172
2558,262
2559,25
2559,172
2559,262
2560,25
2560,70
2560,172
2560,262
2561,25
2561,70
2562,25
2562,70
2563,25
2563,172
2563,262
2564,172
2564,262
2566,241
2567,241
2568,241
2569,241
2570,172
2570,181
2570,262
2571,172
2571,181
2571,262
2572,241
2573,241
2574,241
2575,172
2575,181
2575,262
2576,172
2576,181
2576,262
2577,54
2577,74
2577,241
2578,74
2578,241
2579,241
2580,54
2580,74
2580,241
2581,172
2581,181
2581,262
2582,172
2582,181
2582,262
2583,172
2583,181
2583,262
2584,172
2584,181
2584,262
2585,172
2585,181
2585,262
2586,181
2588,181
2589,181
2590,74
2590,241
2591,172
2591,181
2591,185
2591,262
2592,241
2593,74
2593,241
2594,307
2596,44
2597,307
2598,307
2603,44
2603,207
2603,283
2604,307
2607,320
2610,307
2621,78
2629,307
2630,307
2639,307
2640,307
2644,78
2644,312
2645,78
2645,312
2648,307
2649,44
2649,207
2649,283
2653,307
2654,307
2667,307
2669,320
2686,307
2691,307
2692,307
2701,307
2761,78
2761,312
2781,44
2781,207
2781,283
2783,44
2784,44
2784,207
2786,44
2786,207
2786,283
2787,44
2787,207
2787,283
2788,44
2788,207
2788,283
2789,312
2790,312
2803,312
2804,312
2805,312
2818,312
2819,312
2820,312
2821,312
2822,312
2827,312
2828,312
2829,312
2855,320
2856,320
2857,320
2858,320
2859,320
2860,320
2861,320
2862,320
2863,320
2864,320
2865,320
2866,320
2867,320
2874,320
2875,320
2876,320
2877,320
2878,320
2879,320
2880,320
2881,320
2882,320
2883,320
2884,320
2885,320
2886,320
2887,320
2888,320
2889,320
2890,320
2891,320
2892,320
2893,320
2894,320
2895,320
2896,320
2897,320
2898,320
2899,320
2900,320
2901,320
2902,320
2903,320
2904,320
2905,320
2906,320
2907,320
2908,320
2909,320
2910,320
2911,320
2912,320
2913,320
2914,320
2915,320
2931,99
2956,99
2958,99
2967,99
2996,99
3011,57
3011,183
3012,57
3012,183
3020,99
3040,276
3043,276
3044,276
3045,276
3047,276
3051,276
3084,276
3085,276
3087,276
3088,276
3090,276
3091,276
3093,276
3094,69
3094,276
3096,276
3097,276
3098,276
3099,276
3101,276
3107,276
3108,192
3109,69
3113,276
3116,276
3117,276
3118,276
3262,79
3262,93
3263,79
3263,93
3264,79
3264,93
3265,79
3265,93
3266,31
3267,79
3273,42
3274,56
3274,79
3275,56
3275,79
3276,56
3276,79
3277,42
3278,42
3281,31
3283,42
3284,79
3287,42
3289,42
3290,42
3291,56
3291,79
3299,80
3301,80
3302,79
3302,93
3303,79
3303,93
3304,79
3304,93
3304,128
3305,42
3309,42
3311,56
3311,79
3313,79
3313,93
3314,79
3316,42
3318,42
3319,28
3319,93
3319,128
3320,42
3321,80
3322,56
3322,79
3323,56
3323,79
3324,80
3330,79
3330,93
3331,79
3331,93
3331,128
3332,31
3333,42
3334,56
3334,79
3335,80
3339,56
3339,79
3343,56
3343,79
3347,79
3347,93
3350,79
3351,42
3352,56
3352,79
3353,56
3353,79
3354,80
3355,42
3356,80
3357,79
3357,93
3359,42
3360,42
3362,79
3362,93
3363,42
3364,80
3367,42
3370,56
3370,79
3373,80
3374,79
3374,93
3375,42
3378,79
3378,93
3380,42
3382,80
3386,42
3387,56
3387,79
3388,31
3389,31
3391,79
3391,93
3392,42
3393,80
3394,80
3398,79
3398,93
3399,42
3401,42
3402,31
3403,42
3405,56
3405,79
3406,79
3406,93
3407,79
3408,42
3409,79
3409,93
3410,79
3410,93
3411,31
3412,79
3413,42
3416,79
3416,93
3418,79
3418,93
3419,42
3420,42
3424,42
3431,80
3432,31
3433,31
3434,56
3434,79
3435,56
3435,79
3437,79
3440,28
3440,79
3440,93
3440,128
3441,56
3441,79
3442,56
3442,79
3443,56
3443,79
3444,56
3444,79
3446,79
3446,93
3447,79
3447,93
3448,79
3449,79
3454,42
3455,42
3456,42
3457,42
3461,42
3466,31
3467,31
3471,31
3472,31
3473,31
3478,31
3484,80
3485,80
3486,80
3487,80
3488,80
3489,56
3489,79
3490,56
3490,79
3491,56
3491,79
3492,79
3492,93
3492,128
3493,28
3493,79
3493,93
3493,128
3494,28
3494,79
3494,93
3494,128
3495,28
3495,79
3495,93
3495,128
3496,42
3497,93
3498,79
3498,93
3500,31
3502,80
3503,28
3503,79
3503,93
3503,128
3504,28
3504,79
3504,93
3504,128
3505,79
3505,93
3506,56
3506,79
3507,56
3507,79
3508,56
3508,79
3514,31
3521,80
3522,80
3524,28
3524,79
3524,93
3524,128
3527,79
3527,93
3528,79
3528,93
3532,31
3533,56
3533,79
3534,42
3536,28
3536,79
3536,93
3536,128
3538,31
3539,31
3540,31
3541,56
3541,79
3543,42
3544,79
3545,79
3546,56
3546,79
3547,56
3547,79
3548,56
3548,79
3550,56
3550,79
3551,56
3551,79
3552,56
3552,79
3553,79
3554,28
3554,79
3554,93
3554,128
3555,79
3556,79
3557,79
3558,79
3559,79
3560,79
3562,79
3563,79
3564,79
3565,79
3566,79
3567,79
3568,79
3569,79
3570,79
3571,79
3572,79
3573,79
3574,79
3575,79
3576,79
3577,79
3578,79
3579,79
3580,79
3581,79
3582,79
3583,79
3584,79
3585,79
3586,79
3587,79
3588,79
3589,79
3592,114
3592,184
3596,114
3596,184
3615,114
3615,184
3618,114
3618,184
3619,114
3619,184
3622,184
3623,184
3628,114
3628,184
3632,184
3649,114
3650,114
3654,114
3656,114
3657,114
3659,114
3660,114
3662,184
3666,114
3666,184
3667,114
3667,184
3669,114
3669,184
3704,114
3704,184
3710,114
3710,184
3711,114
3711,184
3761,184
3762,114
3762,184
3795,114
3795,184
3842,114
3842,184
3843,114
3843,184
3968,167
3972,119
3972,168
3972,188
3980,136
3982,167
3991,167
4001,119
4001,188
4014,167
4016,119
4016,168
4016,188
4017,167
4018,136
4019,136
4031,119
4031,188
4056,136
4059,136
4062,119
4062,188
4070,136
4080,136
4085,136
4091,119
4091,168
4091,188
4093,136
4094,167
4096,136
4107,167
4113,119
4113,188
4114,167
4122,136
4125,136
4142,136
4161,167
4163,136
4170,119
4170,168
4170,188
4171,136
4174,136
4178,136
4188,119
4188,188
4191,136
4193,167
4195,136
4199,136
4200,119
4200,188
4204,119
4204,188
4210,136
4229,136
4246,119
4246,168
4246,188
4249,136
4254,167
4255,167
4276,136
4288,136
4289,136
4295,136
4296,136
4297,136
4298,167
4299,119
4299,136
4299,188
4300,136
4309,119
4309,168
4309,188
4310,119
4310,168
4310,188
4311,136
4312,136
4313,136
4314,136
4315,136
4316,136
4317,136
4327,136
4332,119
4332,188
4333,136
4334,136
4335,136
4371,119
4371,188
4372,119
4372,188
4373,119
4373,188
4377,136
4378,136
4383,136
4404,167
4405,167
4418,167
4424,119
4424,188
4429,136
4430,136
4431,136
4440,119
4440,168
4440,188
4441,119
4441,168
4441,188
4442,167
4446,119
4446,168
4446,188
4447,119
4447,168
4447,188
4448,119
4448,168
4448,188
4449,119
4449,168
4449,188
4456,90
4458,131
4460,131
4474,90
4481,90
4482,90
4487,131
4488,90
4489,131
4490,131
4497,131
4498,90
4500,90
4504,131
4506,131
4511,131
4521,131
4531,131
4532,131
4534,90
4547,131
4593,90
4594,90
4596,88
4604,156
4638,88
4639,88
4642,88
4648,159
4654,156
4654,174
4662,88
4663,88
4679,159
4683,159
4823,136
4824,19
4824,196
4832,19
4832,196
4838,197
4839,197
4850,136
4851,136
4852,136
4853,136
4860,168
4861,119
4861,168
4861,188
4873,19
4873,145
4873,196
4876,19
4876,196
4879,136
4883,168
4886,136
4903,19
4903,145
4903,196
4940,19
4940,196
4953,19
4953,196
4958,19
4958,196
4967,19
4967,145
4967,196
4969,19
4969,196
4973,136
4984,19
4984,145
4984,196
4985,19
4985,196
4986,19
4986,145
4986,196
4993,19
4993,196
4997,19
4997,145
4997,196
5028,19
5028,196
5030,136
5040,136
5075,136
5076,136
5090,168
5104,19
5104,196
5105,19
5105,145
5105,196
5106,136
5107,136
5108,136
5118,136
5121,19
5121,145
5121,196
5173,19
5173,196
5205,136
5207,197
5208,168
5213,168
5214,168
5220,168
5221,168
5222,168
5223,168
5224,168
5295,119
5295,188
5311,197
5312,197
5313,197
5314,197
5315,197
5316,197
5317,197
5318,197
5356,197
5357,197
5358,197
5359,197
5388,197
5471,145
5509,197
5515,197
5519,197
5520,197
5521,197
5558,197
5559,197
5560,197
5565,19
5565,145
5565,196
5566,197
5567,197
5577,197
5578,197
5579,197
5586,197
5587,197
5588,197
5589,197
5592,197
5593,197
5594,197
5595,19
5595,145
5595,196
5765,145
5766,145
5767,145
5768,145
5769,145
5849,159
5879,159
5880,159
5885,159
5886,159
5887,159
5888,159
5901,159
5904,159
5919,159
5923,159
5924,159
5925,159
5926,159
5931,159
5973,144
5982,144
6003,159
6008,159
6011,159
6012,159
6020,159
6037,159
6038,159
6039,159
6059,159
6061,159
6062,159
6063,159
6250,139
6250,143
6250,305
6251,139
6251,143
6251,305
6252,39
6253,77
6254,127
6256,143
6256,305
6257,143
6257,305
6258,143
6258,305
6259,143
6259,305
6260,143
6261,132
6262,77
6262,139
6262,143
6263,127
6264,175
6264,305
6266,143
6266,305
6267,143
6267,305
6268,143
6268,305
6269,143
6269,305
6270,143
6270,305
6271,143
6271,305
6272,143
6272,305
6273,143
6273,305
6274,143
6274,305
6275,143
6275,305
6276,143
6276,305
6277,143
6277,305
6278,143
6278,305
6279,143
6279,305
6280,143
6280,305
6281,143
6281,305
6282,143
6282,305
6283,127
6284,127
6285,132
6286,139
6286,175
6286,305
6287,139
6287,305
6288,143
6288,305
6289,143
6289,305
6290,143
6290,305
6292,143
6293,139
6293,143
6293,305
6295,175
6295,305
6297,143
6298,127
6299,77
6299,139
6300,143
6301,143
6303,139
6303,143
6303,305
6304,77
6304,139
6304,143
6306,143
6306,305
6307,143
6307,305
6308,127
6310,143
6310,305
6311,139
6311,143
6311,305
6312,143
6312,305
6313,143
6313,305
6314,77
6314,139
6314,143
6314,305
6315,139
6315,143
6315,305
6316,143
6316,305
6317,127
6318,77
6318,139
6318,143
6321,139
6321,143
6321,305
6322,77
6322,139
6322,143
6323,77
6323,139
6323,143
6323,305
6329,143
6330,143
6331,139
6331,143
6331,305
6332,127
6333,143
6333,305
6334,143
6334,305
6336,143
6337,143
6338,143
6339,139
6339,143
6339,305
6340,77
6340,139
6340,143
6341,143
6341,305
6342,143
6342,305
6343,143
6343,305
6344,143
6344,305
6345,143
6345,305
6346,139
6346,305
6347,143
6347,305
6348,139
6348,175
6348,305
6349,139
6349,175
6349,305
6350,139
6350,175
6350,305
6351,139
6351,175
6351,305
6352,139
6352,175
6352,305
6353,139
6353,175
6353,305
6354,139
6354,175
6354,305
6355,139
6355,175
6355,305
6356,139
6356,175
6356,305
6357,139
6357,175
6357,305
6358,139
6358,175
6358,305
6359,77
6359,139
6359,305
6360,77
6360,139
6361,77
6361,139
6361,305
6362,77
6362,139
6363,77
6363,139
6364,77
6364,139
6365,77
6365,139
6366,77
6366,139
6367,77
6367,139
6368,77
6368,139
6369,77
6369,139
6370,77
6370,139
6371,77
6371,139
6372,143
6372,305
6373,143
6373,305
6374,77
6374,139
6374,143
6374,305
6375,77
6375,139
6376,77
6376,139
6377,77
6377,139
6378,77
6378,139
6379,77
6379,139
6380,77
6380,139
6381,77
6381,139
6382,77
6382,139
6383,77
6383,139
6384,77
6384,139
6385,77
6385,139
6386,77
6386,139
6387,77
6387,139
6388,77
6388,139
6389,77
6389,139
6390,77
6390,139
6391,77
6391,139
6392,77
6392,139
6393,77
6393,139
6393,143
6394,77
6394,139
6394,143
6395,77
6395,139
6395,143
6396,77
6396,139
6396,143
6396,305
6397,77
6397,139
6397,143
6398,77
6398,139
6398,143
6399,77
6399,139
6399,143
6399,305
6400,139
6400,143
6400,305
6401,39
6401,310
6402,39
6402,310
6403,39
6403,310
6404,39
6404,310
6405,39
6405,310
6406,77
6406,139
6406,143
6406,305
6407,77
6407,139
6407,143
6407,305
6408,77
6408,139
6408,143
6409,77
6409,139
6409,143
6410,77
6410,139
6410,143
6411,77
6411,139
6411,143
6412,39
6412,310
6413,39
6413,310
6414,39
6414,310
6415,39
6415,310
6416,39
6416,310
6417,39
6417,310
6418,39
6418,310
6419,39
6419,310
6420,39
6420,310
6421,39
6421,310
6422,39
6422,310
6423,39
6423,310
6424,39
6424,310
6425,77
6425,139
6425,143
6425,305
6426,77
6426,139
6426,143
6426,305
6427,77
6427,139
6427,143
6428,77
6428,139
6428,143
6428,305
6431,77
6431,139
6431,143
6431,305
6432,77
6432,139
6432,143
6432,305
6433,77
6433,139
6433,143
6433,305
6434,77
6434,139
6434,143
6435,77
6435,139
6435,143
6436,77
6436,139
6436,143
6437,77
6437,139
6437,143
6439,77
6439,139
6439,143
6439,305
6440,127
6441,77
6441,139
6442,77
6442,139
6442,143
6442,305
6443,77
6443,139
6443,143
6443,305
6444,77
6444,139
6444,143
6444,305
6445,77
6445,139
6445,143
6445,305
6446,77
6446,139
6446,143
6446,305
6447,77
6447,139
6447,143
6447,305
6448,77
6448,139
6448,143
6448,305
6449,77
6449,139
6449,143
6449,305
6450,77
6450,139
6450,143
6450,305
6451,77
6451,139
6451,143
6451,305
6453,199
6454,199
6454,318
6455,152
6455,318
6457,152
6457,199
6457,318
6458,152
6458,199
6458,215
6458,318
6459,152
6459,199
6459,318
6460,152
6460,199
6460,318
6467,199
6468,201
6468,267
6469,152
6469,199
6469,318
6470,318
6472,152
6472,199
6472,215
6473,318
6477,201
6477,267
6478,201
6485,152
6485,199
6485,318
6487,152
6487,318
6488,152
6488,199
6488,215
6489,152
6489,199
6489,318
6492,318
6493,253
6495,152
6495,199
6495,318
6496,318
6500,201
6501,152
6501,199
6501,215
6502,152
6502,199
6502,318
6503,199
6503,215
6503,253
6504,152
6504,199
6504,215
6505,199
6506,199
6511,253
6512,102
6512,299
6512,314
6515,208
6516,53
6516,102
6516,299
6516,314
6519,208
6520,102
6520,299
6520,314
6523,102
6523,110
6523,299
6523,314
6524,102
6524,110
6524,208
6524,314
6525,110
6525,208
6527,102
6527,208
6527,299
6527,314
6528,52
6528,178
6528,274
6530,102
6530,299
6530,314
6531,216
6532,10
6532,41
6532,53
6532,216
6536,102
6536,299
6536,314
6541,110
6541,208
6542,216
6543,10
6543,41
6543,53
6543,124
6543,216
6545,299
6546,41
6546,53
6546,216
6548,178
6548,274
6549,102
6549,299
6549,314
6550,10
6550,41
6550,53
6550,216
6551,110
6552,208
6554,10
6554,17
6554,41
6554,124
6554,216
6556,52
6556,178
6557,102
6557,299
6557,314
6560,178
6560,274
6561,102
6561,299
6561,314
6563,178
6563,274
6564,110
6565,52
6565,178
6565,274
6566,10
6566,41
6566,53
6566,124
6566,216
6568,52
6568,178
6568,274
6569,52
6569,178
6569,274
6572,52
6576,53
6577,110
6578,208
6579,102
6579,299
6579,314
6581,102
6581,299
6581,314
6583,102
6583,299
6583,314
6584,102
6584,299
6584,314
6585,52
6585,178
6585,274
6586,299
6587,208
6589,110
6589,314
6592,41
6592,53
6592,216
6593,41
6593,53
6593,216
6594,208
6597,110
6597,216
6598,178
6598,274
6599,53
6600,178
6601,53
6603,178
6603,274
6604,52
6605,216
6606,178
6606,274
6608,102
6608,299
6608,314
6609,102
6609,208
6609,299
6609,314
6610,102
6610,299
6610,314
6611,10
6611,53
6611,124
6614,124
6622,52
6622,178
6623,274
6625,102
6625,299
6625,314
6626,52
6626,178
6626,274
6627,102
6627,299
6627,314
6628,178
6628,274
6629,102
6629,299
6629,314
6631,53
6633,53
6633,216
6635,102
6635,299
6635,314
6638,110
6638,208
6639,62
6639,178
6640,110
6640,208
6641,216
6642,102
6642,110
6642,314
6643,52
6643,178
6643,274
6644,53
6644,124
6646,102
6646,299
6646,314
6648,110
6649,208
6650,102
6650,299
6650,314
6653,53
6653,124
6656,110
6656,208
6660,53
6660,124
6661,52
6661,178
6661,274
6662,62
6662,178
6662,274
6663,110
6663,208
6668,53
6668,124
6671,201
6671,267
6672,52
6674,216
6675,178
6675,274
6676,102
6676,299
6676,314
6679,53
6680,102
6680,299
6680,314
6681,102
6681,299
6681,314
6682,178
6682,274
6683,102
6683,299
6683,314
6685,178
6685,274
6686,102
6686,299
6686,314
6688,10
6688,124
6689,52
6690,52
6700,341
6715,153
6715,291
6717,205
6727,341
6740,106
6740,169
6740,341
6750,106
6750,169
6750,341
6754,153
6754,291
6756,153
6756,291
6768,236
6769,291
6775,341
6776,205
6778,291
6785,153
6785,291
6792,291
6793,106
6793,341
6813,236
6819,153
6819,291
6820,153
6820,291
6826,205
6849,236
6858,236
6859,236
6869,106
6869,341
6879,236
6881,236
6883,236
6884,236
6892,153
6892,291
6895,236
6897,153
6897,291
6899,236
6903,106
6903,169
6903,341
6910,153
6910,291
6911,106
6911,169
6911,341
6923,153
6923,291
6945,205
6946,153
6946,291
6956,205
6961,236
6964,169
6965,106
6965,341
6966,236
6968,236
6973,205
6975,236
6977,169
6978,169
6979,106
6979,341
6982,236
6984,169
6987,236
6988,236
6989,106
6989,169
6989,341
6992,169
6994,236
7006,169
7009,236
7010,236
7012,236
7014,236
7016,144
7018,144
7042,92
7046,144
7047,144
7056,205
7057,205
7058,88
7068,205
7071,144
7073,144
7074,92
7077,88
7078,92
7085,144
7088,144
7089,144
7091,144
7093,144
7095,144
7099,92
7108,144
7112,144
7119,144
7120,62
7121,144
7123,62
7123,92
7128,144
7135,88
7143,144
7144,205
7147,144
7148,144
7149,144
7157,144
7161,144
7162,92
7165,92
7167,144
7169,88
7172,144
7173,144
7174,144
7176,144
7179,144
7180,144
7182,205
7192,144
7199,144
7203,144
7205,62
7206,144
7207,144
7208,144
7216,144
7220,144
7222,92
7229,144
7230,205
7246,92
7248,205
7249,62
7249,92
7250,92
7260,88
7263,62
7280,92
7287,88
7296,99
7299,75
7300,75
7311,85
7316,75
7321,75
7342,99
7343,85
7346,99
7349,85
7354,85
7356,85
7364,75
7366,85
7374,85
7375,85
7376,75
7377,85
7384,85
7387,99
7397,85
7399,85
7403,75
7406,75
7408,75
7417,85
7418,85
7419,75
7421,85
7435,173
7438,85
7439,85
7440,85
7442,85
7450,85
7459,85
7464,85
7466,85
7490,1
7490,4
7490,68
7490,227
7492,227
7493,23
7493,58
7493,68
7493,227
7494,1
7494,23
7494,58
7494,68
7494,227
7496,1
7496,23
7496,68
7496,227
7499,2
7499,23
7499,58
7499,68
7499,117
7499,227
7501,1
7501,4
7501,68
7501,227
7502,2
7502,23
7502,40
7502,58
7502,68
7502,117
7502,227
7503,23
7503,40
7503,58
7503,68
7503,227
7505,1
7505,23
7505,58
7505,68
7505,227
7506,1
7506,4
7506,227
7507,1
7507,23
7507,68
7507,227
7508,23
7508,58
7508,68
7508,117
7508,227
7509,23
7509,58
7509,68
7509,227
7510,1
7510,4
7510,68
7510,227
7514,147
7516,23
7516,58
7516,68
7516,227
7517,1
7517,23
7517,68
7517,227
7518,23
7518,58
7518,68
7518,117
7518,227
7519,1
7519,4
7519,68
7519,227
7520,23
7520,40
7520,58
7520,68
7520,227
7521,23
7521,58
7521,68
7521,103
7521,117
7521,227
7522,1
7522,23
7522,58
7522,68
7522,227
7523,1
7523,23
7523,58
7523,68
7523,117
7523,227
7525,4
7526,2
7526,23
7526,58
7526,68
7526,117
7526,227
7527,227
7528,1
7528,4
7528,68
7528,227
7532,4
7533,23
7533,40
7533,58
7533,68
7533,227
7534,23
7534,58
7534,68
7534,227
7538,1
7538,116
7540,1
7540,23
7540,58
7540,68
7540,117
7540,227
7541,2
7541,23
7541,40
7541,58
7541,68
7541,117
7541,227
7543,4
7544,23
7544,58
7544,68
7544,227
7547,1
7547,116
7548,23
7548,40
7548,58
7548,68
7548,227
7549,23
7549,40
7549,58
7549,68
7549,227
7550,4
7551,1
7551,68
7551,116
7552,1
7552,23
7552,58
7552,68
7552,117
7552,227
7553,1
7553,4
7553,68
7553,227
7554,1
7554,23
7554,58
7554,68
7554,117
7554,227
7555,1
7555,23
7555,68
7555,227
7556,2
7556,23
7556,58
7556,68
7556,117
7556,227
7557,1
7557,23
7557,58
7557,68
7557,117
7557,227
7558,1
7558,23
7558,58
7558,68
7558,117
7558,227
7559,1
7559,4
7559,68
7559,227
7560,1
7560,4
7561,23
7561,58
7561,68
7561,227
7566,227
7567,1
7567,4
7567,227
7568,1
7568,4
7568,227
7569,1
7569,23
7569,58
7569,68
7569,227
7570,1
7570,23
7570,58
7570,68
7570,227
7571,4
7572,1
7572,23
7572,58
7572,68
7572,117
7572,227
7573,68
7573,227
7574,68
7574,227
7575,1
7575,4
7576,1
7576,4
7576,68
7576,70
7576,227
7577,40
7578,40
7579,1
7579,4
7579,68
7579,227
7580,4
7581,1
7581,68
7581,116
7581,227
7582,227
7583,4
7584,84
7584,109
7584,147
7584,239
7585,72
7585,239
7585,287
7585,326
7586,24
7586,84
7586,109
7586,147
7586,239
7587,84
7587,109
7587,129
7587,239
7588,84
7588,147
7589,24
7589,84
7589,109
7589,239
7590,24
7590,84
7590,109
7591,24
7591,84
7591,109
7592,109
7592,129
7592,239
7593,24
7593,84
7593,109
7593,147
7593,164
7593,239
7594,84
7594,109
7594,239
7595,109
7595,129
7595,239
7596,129
7596,239
7597,24
7597,84
7597,109
7597,164
7598,94
7598,141
7598,151
7598,157
7598,269
7598,287
7598,326
7599,109
7599,129
7600,24
7600,84
7600,109
7600,239
7601,84
7601,147
7601,164
7602,24
7602,109
7603,129
7603,239
7604,24
7604,84
7604,109
7604,239
7605,94
7605,151
7605,157
7605,269
7605,287
7605,326
7606,84
7606,147
7607,24
7607,84
7607,109
7607,239
7608,151
7608,239
7608,287
7609,109
7609,129
7609,239
7610,141
7610,157
7610,269
7610,287
7610,326
7611,109
7611,129
7611,239
7612,84
7612,109
7612,147
7612,164
7612,239
7613,84
7613,147
7613,164
7614,84
7614,147
7614,164
7615,24
7615,109
7615,129
7616,24
7616,109
7617,109
7617,129
7617,239
7618,147
7619,84
7619,147
7619,164
7620,94
7620,141
7620,151
7620,157
7620,269
7620,287
7620,326
7621,94
7621,141
7621,151
7621,157
7621,269
7621,287
7621,326
7622,129
7622,239
7623,24
7623,84
7623,109
7623,239
7624,109
7624,129
7624,239
7625,129
7625,239
7626,94
7626,151
7626,239
7626,287
7626,326
7627,141
7627,151
7627,287
7627,326
7628,24
7628,109
7629,94
7629,151
7629,239
7629,287
7630,24
7630,84
7630,109
7630,147
7630,164
7631,24
7631,84
7631,109
7631,147
7631,164
7632,24
7632,84
7632,109
7632,147
7632,164
7633,94
7633,151
7633,239
7633,287
7634,151
7634,239
7635,129
7635,239
7636,24
7636,84
7636,109
7636,164
7637,72
7637,151
7637,287
7637,326
7638,24
7638,84
7638,109
7638,164
7639,94
7639,151
7639,157
7639,269
7639,287
7639,326
7640,104
7641,59
7641,66
7641,146
7641,193
7641,225
7641,235
7641,292
7642,72
7642,129
7643,59
7643,66
7643,146
7643,194
7643,225
7643,228
7643,235
7643,292
7645,27
7647,72
7648,72
7650,249
7651,59
7651,66
7651,146
7651,193
7651,225
7651,228
7651,235
7651,292
7651,311
7652,27
7655,249
7656,311
7657,311
7659,27
7660,177
7661,249
7661,319
7662,72
7663,59
7663,66
7663,194
7663,228
7664,59
7664,66
7664,146
7664,194
7664,228
7664,235
7666,104
7667,59
7667,66
7667,146
7667,194
7667,228
7667,235
7668,177
7668,311
7670,311
7672,129
7672,194
7672,228
7673,59
7673,66
7673,146
7673,193
7673,225
7673,228
7673,235
7673,292
7673,311
7674,59
7674,66
7674,146
7674,193
7674,225
7674,235
7674,292
7674,311
7675,27
7679,249
7680,177
7680,311
7681,27
7682,249
7682,319
7683,249
7684,27
7685,249
7685,319
7686,193
7688,27
7689,311
7690,193
7692,193
7692,225
7693,72
7694,104
7696,249
7698,249
7699,177
7700,319
7701,319
7703,72
7705,249
7707,27
7708,177
7708,235
7708,311
7710,177
7710,311
7711,311
7712,249
7713,27
7714,72
7715,59
7715,146
7715,193
7715,225
7715,235
7715,292
7715,311
7716,59
7716,66
7716,146
7716,194
7716,228
7716,235
7716,311
7717,177
7717,235
7717,311
7718,72
7719,193
7719,225
7719,235
7719,292
7720,72
7720,129
7721,72
7722,72
7723,59
7723,66
7723,146
7723,194
7723,225
7723,228
7723,235
7723,292
7723,311
7724,59
7724,66
7724,146
7724,193
7724,225
7724,235
7724,292
7724,311
7725,177
7725,235
7725,311
7726,249
7726,319
7728,249
7728,319
7729,104
7730,177
7730,311
7731,59
7731,66
7731,146
7731,194
7731,228
7731,235
7731,311
7732,59
7732,66
7732,146
7732,194
7732,228
7732,235
7733,177
7734,311
7739,104
7740,104
7740,249
7743,72
7743,129
7744,72
7744,129
7745,72
7745,129
7746,72
7746,129
7747,235
7747,311
7749,311
7750,311
7752,193
7753,104
7753,249
7757,249
7758,27
7760,193
7760,225
7760,235
7760,292
7761,27
7762,249
7763,249
7764,249
7765,249
7766,249
7767,249
7768,249
7769,249
7771,249
7772,249
7773,249
7774,249
7775,249
7776,249
7777,249
7778,249
7779,319
7780,319
7781,319
7782,249
7782,319
7783,249
7783,319
7785,104
7787,121
7787,237
7790,104
7791,121
7791,237
7800,121
7800,237
7801,104
7802,104
7822,104
7823,104
7824,121
7824,237
7827,104
7836,121
7836,237
7837,121
7837,237
7838,121
7838,237
7839,121
7839,237
7840,121
7840,237
7842,121
7842,237
7845,177
7849,121
7849,237
7852,121
7852,237
7858,104
7861,121
7861,237
7874,121
7874,237
7875,121
7875,237
7876,121
7876,237
7877,121
7877,237
7878,121
7878,237
7882,121
7882,237
7883,121
7883,237
7884,121
7884,237
7891,121
7891,237
7892,121
7892,237
7893,121
7893,237
7894,121
7894,237
7895,121
7895,237
7896,121
7896,237
7900,104
7902,121
7902,237
7903,121
7903,237
7904,121
7904,237
7905,121
7905,237
7906,121
7906,237
7907,121
7907,237
7910,104
7912,121
7912,237
7913,121
7913,237
7914,121
7914,237
7915,121
7915,237
7916,121
7916,237
7917,121
7917,237
7918,121
7918,237
7920,121
7920,237
7922,121
7922,237
7923,121
7923,237
7924,121
7924,237
7925,121
7925,237
7932,121
7932,237
7933,121
7933,237
7934,121
7934,237
7935,121
7935,237
7948,121
7948,237
7950,121
7950,237
7951,121
7951,237
7982,121
7982,237
8236,104
8237,104
8238,28
8238,40
8238,93
8238,128
8239,49
8239,128
8239,179
8240,49
8240,93
8240,128
8240,179
8241,28
8241,93
8241,128
8242,2
8242,28
8242,40
8242,56
8242,79
8243,28
8243,40
8243,93
8243,128
8244,28
8244,128
8245,49
8245,128
8245,179
8246,28
8246,93
8246,128
8247,2
8247,56
8247,79
8248,28
8248,40
8248,93
8248,128
8249,28
8249,79
8249,93
8249,128
8250,28
8250,93
8250,128
8251,49
8251,128
8251,179
8252,128
8253,49
8253,179
8254,49
8254,179
8255,28
8255,40
8255,128
8256,28
8256,40
8256,79
8256,93
8257,28
8257,79
8257,93
8258,28
8258,93
8258,128
8259,28
8259,40
8259,79
8259,93
8259,128
8260,28
8260,40
8260,79
8260,93
8260,128
8261,49
8261,128
8261,179
8262,28
8262,40
8262,93
8262,128
8263,49
8263,93
8263,128
8263,179
8264,28
8264,40
8264,128
8265,28
8265,40
8265,128
8266,28
8266,128
8267,28
8267,93
8267,128
8268,56
8268,79
8269,28
8269,49
8269,93
8269,128
8269,179
8270,49
8270,179
8271,2
8271,28
8271,40
8271,58
8272,28
8272,79
8272,93
8273,2
8273,28
8273,40
8273,58
8274,28
8274,40
8274,93
8274,128
8275,28
8275,79
8275,93
8275,128
8276,28
8276,40
8276,93
8276,128
8277,2
8277,28
8277,56
8277,79
8278,2
8278,28
8278,40
8279,28
8279,49
8279,93
8279,128
8280,2
8280,28
8280,40
8280,56
8281,28
8281,40
8281,79
8281,93
8282,28
8282,128
8283,49
8283,93
8283,128
8283,179
8284,56
8284,79
8285,2
8285,28
8285,56
8285,79
8286,28
8286,40
8286,93
8286,128
8287,28
8287,40
8287,79
8287,93
8287,128
8288,2
8288,56
8289,28
8289,93
8289,128
8290,28
8290,93
8290,128
8291,49
8291,93
8291,128
8291,179
8292,164
8293,2
8293,28
8293,56
8293,79
8294,164
8295,128
8295,164
8296,49
8296,179
8297,2
8297,56
8297,79
8298,2
8298,56
8299,2
8299,28
8299,40
8299,56
8300,2
8300,28
8300,40
8300,56
8301,28
8301,40
8301,93
8301,128
8302,28
8302,40
8302,93
8302,128
8303,28
8303,93
8303,128
8304,28
8304,79
8304,93
8304,128
8305,28
8305,40
8305,128
8306,28
8306,93
8306,128
8307,28
8307,79
8307,93
8307,128
8308,28
8308,93
8308,128
8309,28
8309,40
8309,93
8309,128
8310,49
8310,93
8310,128
8310,179
8311,49
8311,93
8311,128
8311,179
8312,49
8312,179
8313,49
8313,179
8314,49
8314,93
8314,128
8314,179
8315,49
8315,128
8315,179
8316,28
8316,40
8316,79
8316,93
8316,128
8317,28
8317,40
8317,93
8317,128
8318,28
8318,40
8318,93
8318,128
8319,28
8319,93
8319,128
8320,28
8320,40
8320,128
8321,28
8321,49
8321,93
8321,128
8322,28
8322,93
8322,128
8323,28
8323,49
8323,93
8323,128
8324,28
8324,49
8324,93
8324,128
8325,49
8325,93
8325,128
8325,179
8326,49
8326,93
8326,128
8326,179
8327,49
8327,128
8327,179
8328,28
8328,40
8328,93
8328,128
8329,49
8329,93
8329,128
8329,179
8330,49
8330,93
8330,128
8330,179
8331,49
8331,128
8331,179
8332,128
8333,128
8334,128
8335,128
8336,49
8336,93
8336,128
8336,179
8337,2
8337,28
8337,40
8337,58
8338,2
8338,56
8339,2
8339,56
8340,28
8340,40
8340,79
8340,93
8341,28
8341,40
8341,93
8341,128
8342,28
8342,40
8342,93
8342,128
8343,28
8343,40
8343,93
8343,128
8344,28
8344,40
8344,93
8344,128
8345,49
8345,93
8345,128
8345,179
8346,28
8346,40
8346,93
8346,128
8347,128
8347,164
8348,128
8348,164
8349,128
8349,164
8350,2
8350,56
8351,28
8351,128
8352,28
8352,79
8352,93
8353,24
8353,81
8353,164
8353,179
8354,67
8354,142
8355,36
8355,67
8355,142
8356,81
8356,142
8357,49
8357,179
8358,49
8358,128
8358,179
8359,49
8359,179
8360,46
8360,213
8361,67
8361,81
8361,142
8362,81
8362,142
8363,81
8363,142
8364,81
8364,142
8365,46
8365,213
8366,142
8367,46
8367,213
8368,24
8368,81
8368,164
8368,179
8369,46
8369,213
8370,42
8371,42
8372,42
8373,36
8373,67
8374,81
8375,164
8376,164
8377,164
8378,164
8379,164
8380,46
8381,49
8381,179
8382,24
8382,81
8382,109
8383,142
8384,49
8384,164
8384,179
8385,24
8385,81
8385,164
8385,179
8386,24
8386,84
8386,109
8386,164
8387,24
8387,84
8387,109
8387,164
8388,142
8390,49
8390,179
8391,49
8391,81
8391,142
8391,179
8393,81
8394,81
8395,42
8396,81
8397,49
8397,179
8398,49
8398,179
8399,24
8399,81
8399,109
8400,49
8400,164
8400,179
8401,49
8401,179
8402,49
8402,142
8402,179
8403,67
8404,46
8404,213
8405,46
8405,213
8406,36
8406,67
8407,24
8407,109
8407,164
8408,49
8408,81
8408,142
8408,179
8409,49
8409,81
8409,142
8409,179
8410,67
8411,142
8412,46
8412,213
8413,24
8413,81
8413,109
8413,142
8414,46
8414,213
8416,49
8416,179
8417,31
8418,31
8419,36
8419,67
8420,24
8420,81
8420,109
8421,49
8421,179
8422,46
8422,213
8423,81
8423,142
8424,67
8425,49
8425,142
8425,179
8426,24
8426,81
8426,142
8427,46
8428,63
8429,67
8430,24
8430,81
8430,84
8430,109
8430,164
8431,46
8431,67
8432,81
8433,81
8434,49
8434,179
8435,46
8435,213
8436,81
8436,142
8437,36
8437,67
8438,81
8439,46
8440,67
8441,24
8441,81
8441,109
8441,164
8442,49
8442,142
8442,179
8443,49
8443,142
8443,179
8444,81
8445,81
8446,49
8446,179
8447,36
8447,67
8448,46
8448,213
8449,49
8450,42
8451,81
8451,142
8452,67
8452,81
8452,142
8453,49
8453,179
8454,67
8454,142
8455,24
8455,81
8455,109
8455,142
8456,24
8456,81
8456,109
8457,36
8457,67
8458,81
8458,142
8459,46
8459,213
8460,36
8461,46
8462,31
8463,31
8464,81
8465,46
8465,213
8466,67
8467,36
8467,67
8468,36
8468,67
8470,36
8470,67
8471,24
8471,81
8471,109
8472,42
8473,49
8473,142
8473,179
8474,49
8474,142
8474,179
8475,49
8475,142
8475,179
8476,46
8476,213
8477,67
8478,49
8478,164
8478,179
8479,81
8479,142
8480,24
8480,81
8480,109
8481,67
8481,142
8482,46
8482,213
8483,46
8483,213
8484,49
8484,179
8485,2
8485,56
8485,79
8486,2
8486,56
8486,79
8487,36
8487,67
8487,142
8488,49
8488,179
8489,81
8490,46
8490,213
8491,67
8491,81
8491,142
8492,81
8492,142
8493,63
8494,67
8494,81
8494,142
8495,81
8495,142
8497,36
8498,42
8499,42
8500,24
8500,81
8500,109
8501,81
8502,24
8502,81
8502,109
8502,164
8503,81
8504,24
8504,81
8504,109
8504,142
8505,24
8505,81
8505,109
8505,164
8506,67
8506,142
8507,67
8507,142
8508,67
8508,142
8509,67
8509,142
8510,36
8510,67
8510,142
8511,24
8511,81
8511,109
8511,164
8512,49
8512,142
8512,179
8513,49
8513,81
8513,142
8513,179
8514,42
8515,67
8516,49
8516,179
8517,24
8517,81
8517,109
8517,164
8518,81
8519,46
8520,36
8520,67
8521,24
8521,81
8521,109
8521,164
8522,81
8522,142
8523,81
8523,142
8524,49
8524,81
8524,142
8524,179
8525,49
8525,142
8525,179
8526,49
8526,179
8527,24
8527,81
8527,84
8527,109
8527,164
8528,24
8528,81
8528,109
8528,164
8529,81
8529,142
8529,179
8530,24
8530,81
8530,109
8531,24
8531,81
8531,109
8532,24
8532,81
8532,109
8533,36
8533,67
8534,36
8534,67
8535,36
8535,67
8536,36
8537,36
8537,67
8539,46
8540,46
8541,46
8541,213
8542,46
8542,213
8543,46
8543,213
8544,42
8544,49
8545,24
8545,164
8546,24
8546,164
8547,49
8547,164
8547,179
8548,49
8548,179
8549,49
8549,179
8550,49
8550,179
8551,49
8551,142
8551,179
8552,49
8552,179
8553,24
8553,81
8553,109
8553,164
8554,49
8554,81
8554,142
8554,179
8555,24
8555,81
8555,109
8555,142
8556,49
8556,179
8557,49
8557,142
8557,179
8558,142
8559,142
8560,81
8560,142
8561,81
8561,142
8562,81
8562,142
8563,81
8563,142
8564,24
8564,81
8564,142
8565,31
8566,142
8567,67
8567,142
8568,67
8568,81
8568,142
8569,67
8569,81
8569,142
8570,67
8570,81
8570,142
8571,67
8571,81
8571,142
8572,81
8572,142
8573,81
8573,142
8574,81
8574,142
8575,81
8575,142
8576,81
8576,142
8577,81
8577,142
8578,81
8579,81
8580,36
8581,36
8581,67
8581,142
8582,36
8582,67
8583,67
8584,67
8584,81
8586,36
8586,67
8587,36
8587,67
8588,63
8589,63
8590,63
8591,24
8591,81
8591,142
8592,24
8592,81
8592,109
8592,142
8593,67
8593,81
8593,142
8594,67
8594,81
8594,142
8595,164
8595,179
8596,49
8596,164
8596,179
8597,49
8597,164
8597,179
8598,36
8598,67
8599,67
8600,46
8600,67
8601,42
8602,42
8603,24
8603,84
8603,109
8603,164
8604,24
8604,109
8604,164
8605,24
8605,84
8605,109
8605,164
8606,42
8606,49
8606,179
8607,49
8607,179
8608,49
8608,179
8609,49
8609,179
8610,42
8610,49
8610,179
8611,49
8611,142
8611,179
8612,49
8612,142
8612,179
8613,49
8613,142
8613,179
8614,49
8614,142
8614,179
8615,49
8615,142
8615,179
8616,24
8616,81
8616,142
8616,179
8617,24
8617,81
8617,142
8618,24
8618,81
8618,142
8618,179
8619,24
8619,81
8619,164
8619,179
8620,24
8620,81
8620,164
8620,179
8621,49
8621,142
8621,179
8623,81
8623,142
8624,81
8624,142
8625,81
8626,81
8627,81
8627,142
8628,67
8628,81
8628,142
8629,67
8629,142
8630,67
8630,81
8630,142
8631,67
8631,81
8631,142
8632,67
8632,142
8634,142
8635,46
8636,36
8636,67
8637,36
8637,67
8638,46
8638,213
8639,46
8639,213
8640,46
8641,46
8641,213
8643,49
8643,81
8643,142
8643,179
8644,81
8644,142
8645,24
8645,81
8645,109
8646,67
8646,142
8647,67
8647,142
8648,49
8648,81
8648,142
8648,179
8649,24
8649,81
8649,109
8650,24
8650,81
8650,109
8651,24
8651,81
8651,109
8652,24
8652,81
8652,109
8653,24
8653,81
8653,109
8654,24
8654,81
8654,109
8655,24
8655,81
8655,109
8656,24
8656,81
8656,109
8657,24
8657,81
8657,109
8658,24
8658,81
8658,109
8659,24
8659,81
8659,109
8660,24
8660,81
8660,109
8661,24
8661,81
8661,109
8662,24
8662,81
8662,109
8663,24
8663,81
8663,109
8664,24
8664,81
8664,109
8665,24
8665,81
8665,109
8666,24
8666,81
8666,109
8667,24
8667,81
8667,109
8668,49
8668,81
8668,142
8668,179
8669,49
8669,142
8669,179
8670,24
8670,81
8670,109
8671,24
8671,81
8671,109
8672,24
8672,81
8672,109
8673,24
8673,81
8673,109
8674,24
8674,81
8674,109
8675,24
8675,81
8675,109
8676,24
8676,81
8676,109
8676,142
8677,81
8678,81
8678,109
8679,24
8679,81
8679,109
8680,24
8680,81
8680,109
8681,24
8681,81
8681,109
8682,24
8682,81
8682,109
8683,24
8683,81
8683,109
8684,24
8684,81
8684,109
8685,24
8685,81
8685,109
8686,24
8686,81
8686,109
8687,24
8687,109
8687,164
8688,24
8688,81
8688,109
8689,24
8689,81
8689,109
8690,24
8690,81
8690,109
8691,24
8691,81
8691,109
8692,24
8692,81
8692,109
8693,24
8693,81
8693,109
8694,24
8694,81
8694,109
8695,24
8695,81
8695,109
8696,24
8696,81
8696,109
8697,24
8697,81
8697,109
8698,24
8698,81
8698,109
8699,24
8699,81
8699,109
8700,24
8700,81
8700,109
8701,24
8701,81
8701,109
8702,24
8702,81
8702,109
8703,24
8703,81
8703,109
8704,24
8704,81
8704,109
8705,24
8705,81
8705,109
8706,24
8706,81
8706,109
8707,24
8707,81
8707,109
8708,24
8708,81
8708,109
8709,24
8709,81
8709,109
8710,24
8710,81
8710,109
8711,24
8711,81
8711,109
8712,24
8712,81
8712,109
8713,24
8713,81
8713,109
8714,81
8715,81
8715,109
8716,46
8717,24
8717,84
8717,109
8717,164
8718,24
8718,84
8718,109
8718,164
8719,24
8719,81
8719,84
8719,109
8719,164
8720,24
8720,84
8720,109
8720,164
8721,24
8721,81
8721,109
8721,164
8722,24
8722,81
8722,109
8723,81
8723,109
8724,81
8724,142
8725,142
8726,24
8726,81
8726,109
8726,142
8727,31
8728,109
8729,109
8730,67
8731,49
8731,142
8731,179
8732,24
8732,164
8733,81
8733,142
8734,81
8734,109
8735,81
8735,142
8738,81
8739,49
8739,164
8739,179
8740,81
8740,109
8742,59
8742,66
8742,146
8742,194
8742,228
8743,71
8743,258
8744,46
8744,194
8744,213
8745,113
8746,240
8747,240
8748,240
8749,213
8749,240
8750,46
8750,213
8753,213
8755,240
8756,240
8757,240
8758,146
8758,193
8758,225
8758,292
8759,146
8759,193
8759,225
8759,292
8760,270
8761,213
8761,240
8762,240
8763,270
8764,71
8764,258
8765,240
8766,258
8767,270
8768,240
8769,146
8769,193
8769,225
8769,292
8770,240
8771,46
8771,213
8772,59
8772,66
8772,146
8772,194
8772,228
8773,59
8773,66
8773,146
8773,194
8773,228
8774,193
8774,270
8774,292
8775,59
8775,66
8775,146
8775,194
8775,228
8776,270
8780,46
8780,194
8780,213
8781,59
8781,66
8781,146
8781,193
8781,225
8781,292
8782,27
8782,270
8785,59
8785,146
8785,213
8786,240
8789,46
8789,213
8791,194
8791,213
8792,59
8792,66
8792,146
8792,194
8792,225
8792,228
8792,292
8793,46
8793,213
8794,59
8794,66
8794,146
8794,194
8794,228
8795,59
8795,66
8795,146
8795,194
8795,225
8795,228
8795,235
8795,292
8796,240
8797,71
8797,258
8800,194
8800,228
8801,59
8801,66
8801,146
8801,193
8801,225
8801,292
8802,270
8803,194
8803,228
8807,194
8809,27
8810,240
8811,240
8812,27
8812,270
8813,194
8813,213
8814,46
8814,213
8815,59
8815,66
8815,146
8815,194
8815,225
8815,228
8815,292
8816,146
8816,213
8817,71
8817,258
8818,270
8819,213
8819,240
8820,46
8820,213
8821,213
8821,240
8822,270
8823,270
8824,270
8825,27
8825,270
8827,240
8828,46
8828,213
8831,194
8831,213
8832,46
8832,213
8832,240
8833,76
8833,113
8834,213
8834,240
8835,270
8836,292
8837,240
8839,59
8839,66
8839,146
8839,194
8839,228
8840,46
8840,213
8840,240
8842,71
8842,258
8843,59
8843,66
8843,146
8843,194
8843,228
8844,194
8844,228
8845,46
8845,213
8846,46
8846,213
8846,240
8847,46
8847,213
8847,240
8848,240
8849,240
8850,240
8851,240
8852,270
8855,76
8855,113
8855,125
8856,76
8856,113
8856,125
8857,76
8857,113
8858,46
8858,213
8861,46
8861,213
8864,71
8864,258
8868,270
8869,27
8869,270
8872,27
8872,270
8873,46
8873,213
8873,240
8874,240
8874,270
8875,240
8875,270
8876,240
8876,270
8877,240
8877,270
8878,240
8878,270
8879,270
8880,270
