property_id,park_id
1,192
7,192
7,364
7,397
7,413
9,55
9,285
9,466
10,55
10,285
10,466
11,192
11,364
11,397
11,413
15,55
15,192
15,285
17,192
18,55
18,285
19,192
21,297
21,364
21,397
21,413
21,470
22,57
22,297
22,336
23,55
23,285
23,466
24,469
28,297
28,397
28,413
28,470
31,297
31,364
31,397
31,413
31,470
32,297
32,364
32,397
32,413
32,470
33,192
33,397
33,413
37,55
37,285
39,192
40,297
40,397
40,413
40,470
42,192
46,297
46,397
46,413
46,470
47,305
47,469
48,469
50,192
53,192
55,55
55,285
56,55
56,285
57,55
57,285
60,192
62,55
62,285
65,192
65,364
66,192
66,364
67,192
68,192
69,192
70,192
71,192
72,466
73,55
73,285
73,466
74,55
74,285
77,55
77,285
77,466
80,192
80,364
80,397
80,413
81,192
83,192
86,55
86,285
86,466
88,192
89,192
92,143
94,143
95,143
98,305
98,469
99,469
100,55
100,285
100,466
106,192
107,192
107,364
107,397
107,413
123,181
185,244
185,274
185,375
258,234
266,234
415,363
419,438
421,420
425,433
438,393
438,407
438,410
438,463
443,393
443,407
443,410
443,463
446,326
448,393
448,407
448,410
464,393
464,407
464,410
464,463
471,302
471,369
475,134
478,393
478,407
478,410
480,418
488,418
490,389
491,389
494,389
495,340
496,389
497,389
504,340
514,340
520,340
526,340
567,389
569,340
570,340
571,340
572,340
574,340
575,340
576,340
585,389
594,340
595,340
602,389
604,340
611,211
627,211
631,340
647,389
651,389
657,211
658,389
660,389
663,211
664,211
673,389
674,389
676,211
684,389
686,211
727,340
736,340
746,389
747,389
749,389
754,340
780,211
781,211
785,389
790,389
815,132
817,132
819,132
964,42
964,99
964,112
964,113
964,115
964,154
964,255
964,370
964,392
964,439
965,1
965,42
965,99
965,112
965,113
965,255
965,392
965,439
966,1
966,66
966,255
966,439
967,22
967,42
967,88
967,90
967,113
967,146
967,236
967,370
968,1
968,66
968,112
968,255
968,439
969,1
969,42
969,99
969,112
969,113
969,255
969,392
969,439
970,1
970,42
970,99
970,112
970,113
970,255
970,392
970,439
971,1
971,66
971,112
971,255
971,439
972,158
973,58
973,251
974,58
974,209
975,68
975,209
975,240
976,58
976,137
976,257
977,87
977,184
977,238
977,395
978,209
979,58
979,127
979,137
979,209
980,251
981,58
981,136
981,251
981,257
981,360
982,58
982,251
984,209
984,240
985,58
986,58
987,136
987,251
987,360
988,58
988,127
988,137
988,209
989,58
989,137
989,209
990,58
990,137
990,257
991,58
992,87
992,136
992,184
992,238
992,251
992,360
992,395
993,87
993,88
993,136
993,184
993,238
993,360
993,395
994,58
994,257
994,360
995,137
995,209
998,58
999,22
999,88
999,90
999,96
999,146
999,257
999,360
1000,87
1000,88
1000,136
1000,184
1000,238
1000,251
1000,360
1001,58
1002,209
1002,240
1003,251
1004,58
1005,58
1006,58
1006,251
1007,58
1007,251
1007,257
1007,360
1008,87
1008,136
1008,184
1008,238
1008,251
1008,360
1009,251
1010,209
1010,240
1011,209
1012,58
1012,127
1012,137
1013,87
1013,136
1013,184
1013,238
1013,251
1013,360
1014,209
1014,240
1015,68
1015,209
1015,240
1016,251
1017,251
1018,58
1018,251
1018,257
1019,58
1019,88
1019,96
1019,136
1019,146
1019,257
1019,360
1020,58
1020,88
1020,146
1020,257
1020,360
1021,58
1022,58
1022,127
1022,137
1022,209
1023,127
1023,137
1023,209
1024,58
1024,127
1024,137
1024,209
1025,58
1025,137
1025,209
1026,58
1026,251
1026,257
1027,58
1028,209
1028,240
1029,251
1030,127
1030,137
1030,209
1031,58
1031,251
1032,127
1032,137
1032,209
1033,251
1034,87
1034,136
1034,184
1034,238
1034,251
1034,360
1035,58
1035,88
1035,136
1035,251
1035,257
1035,360
1036,251
1037,58
1037,88
1037,146
1037,257
1037,360
1038,58
1038,136
1038,251
1038,257
1038,360
1040,68
1040,209
1040,240
1041,87
1041,136
1041,184
1041,238
1041,251
1041,360
1041,395
1042,58
1042,137
1042,209
1044,68
1044,209
1044,240
1045,251
1046,137
1046,209
1046,240
1047,87
1047,88
1047,136
1047,184
1047,238
1047,360
1047,395
1048,87
1048,136
1048,184
1048,238
1048,251
1048,360
1049,87
1049,136
1049,184
1049,238
1049,251
1050,58
1050,137
1050,209
1051,251
1052,251
1053,58
1053,257
1054,87
1054,184
1054,238
1054,251
1055,58
1055,137
1055,209
1057,209
1057,240
1058,87
1058,88
1058,136
1058,184
1058,238
1058,251
1058,360
1059,58
1059,137
1059,257
1060,88
1060,136
1060,251
1060,257
1060,360
1061,137
1061,209
1061,240
1062,70
1063,22
1063,88
1063,90
1063,96
1063,146
1063,257
1063,360
1064,209
1064,240
1065,58
1065,127
1065,137
1065,209
1066,136
1066,251
1066,360
1067,87
1067,184
1067,238
1067,251
1068,127
1068,137
1068,209
1069,58
1070,58
1070,127
1070,137
1070,209
1071,58
1072,251
1073,70
1074,88
1074,136
1074,360
1074,395
1075,22
1075,88
1075,96
1075,146
1075,257
1075,360
1076,88
1076,136
1076,236
1076,360
1077,58
1077,96
1077,127
1077,137
1079,251
1081,58
1081,137
1081,209
1082,58
1082,88
1082,136
1082,251
1082,257
1082,360
1084,68
1084,209
1084,240
1085,58
1085,127
1085,137
1085,209
1086,87
1086,88
1086,136
1086,184
1086,238
1086,360
1086,395
1088,22
1088,88
1088,96
1088,136
1088,146
1088,236
1088,257
1088,360
1089,58
1090,251
1091,96
1091,127
1091,137
1092,209
1092,240
1093,22
1093,88
1093,90
1093,96
1093,146
1093,257
1094,136
1094,395
1095,58
1095,88
1095,136
1095,251
1095,257
1095,360
1096,58
1096,127
1096,137
1097,22
1097,90
1097,96
1097,146
1097,257
1098,22
1098,88
1098,90
1098,96
1098,146
1098,257
1099,22
1099,88
1099,90
1099,96
1099,146
1099,257
1100,88
1100,136
1100,236
1100,360
1101,87
1101,88
1101,136
1101,184
1101,238
1101,251
1101,360
1101,395
1102,58
1102,251
1103,58
1103,137
1103,209
1104,58
1104,251
1105,251
1106,251
1107,87
1107,88
1107,136
1107,184
1107,238
1107,251
1107,360
1108,58
1108,137
1108,209
1110,68
1110,209
1110,240
1111,88
1111,136
1111,236
1111,257
1111,360
1112,251
1113,58
1114,22
1114,88
1114,96
1114,146
1114,257
1114,360
1115,58
1115,136
1115,251
1115,257
1115,360
1117,58
1117,127
1117,137
1117,209
1118,58
1118,137
1118,209
1119,58
1119,137
1119,209
1120,58
1120,137
1120,209
1121,58
1121,137
1121,209
1122,58
1122,137
1122,209
1124,22
1124,96
1124,137
1124,146
1124,257
1125,96
1125,127
1125,137
1126,136
1126,251
1126,360
1127,58
1127,88
1127,136
1127,251
1127,257
1127,360
1128,251
1129,251
1129,360
1130,70
1131,22
1131,96
1131,146
1131,257
1132,70
1134,88
1134,136
1134,236
1134,360
1135,58
1135,251
1135,257
1135,360
1136,58
1136,251
1136,257
1136,360
1137,58
1137,136
1137,251
1137,257
1137,360
1138,58
1138,251
1138,360
1140,22
1140,96
1140,146
1140,257
1141,87
1141,136
1141,184
1141,238
1141,251
1141,360
1142,87
1142,136
1142,184
1142,238
1142,251
1143,87
1143,136
1143,184
1143,238
1143,251
1144,87
1144,184
1144,238
1144,251
1145,87
1145,184
1145,238
1145,251
1146,88
1146,136
1146,360
1146,395
1147,88
1147,136
1147,360
1148,88
1148,136
1148,360
1149,88
1149,136
1149,184
1149,251
1149,360
1150,87
1150,88
1150,136
1150,184
1150,238
1150,251
1150,360
1151,87
1151,88
1151,136
1151,184
1151,238
1151,251
1151,360
1152,87
1152,136
1152,184
1152,238
1152,251
1152,360
1153,136
1153,251
1153,360
1154,136
1154,251
1154,360
1155,251
1156,251
1157,251
1158,251
1159,251
1160,251
1161,70
1162,88
1162,136
1162,236
1162,257
1162,360
1163,88
1163,136
1163,236
1163,257
1163,360
1164,88
1164,136
1164,236
1164,251
1164,257
1164,360
1165,58
1167,58
1168,58
1171,22
1171,88
1171,96
1171,136
1171,146
1171,257
1171,360
1172,58
1172,251
1172,257
1172,360
1173,58
1174,58
1175,70
1176,22
1176,88
1176,90
1176,96
1176,146
1176,257
1176,360
1177,58
1177,137
1177,209
1178,58
1178,137
1178,209
1179,22
1179,90
1179,96
1179,146
1179,257
1180,22
1180,96
1180,146
1180,257
1181,58
1181,137
1181,209
1182,58
1182,137
1182,209
1183,209
1183,240
1184,209
1184,240
1185,209
1185,240
1186,68
1186,209
1186,240
1187,68
1187,209
1187,240
1188,209
1188,240
1189,127
1189,137
1189,209
1190,68
1190,209
1190,240
1191,87
1191,136
1191,184
1191,238
1191,395
1192,87
1192,238
1192,251
1193,70
1194,58
1194,88
1194,136
1194,251
1194,257
1194,360
1195,58
1195,251
1195,257
1196,58
1196,96
1196,127
1196,137
1197,58
1197,127
1197,137
1197,209
1198,87
1198,88
1198,136
1198,184
1198,238
1198,360
1198,395
1199,87
1199,88
1199,136
1199,184
1199,238
1199,360
1199,395
1200,87
1200,88
1200,136
1200,184
1200,238
1200,251
1200,360
1201,136
1201,251
1201,360
1202,251
1204,88
1204,136
1204,251
1204,257
1204,360
1209,58
1209,251
1209,257
1209,360
1210,58
1210,136
1210,251
1210,257
1210,360
1211,22
1211,88
1211,90
1211,96
1211,136
1211,146
1211,236
1211,257
1211,360
1212,58
1212,88
1212,96
1212,146
1212,257
1212,360
1213,58
1213,257
1214,58
1214,257
1214,360
1215,58
1215,251
1215,257
1216,58
1217,58
1220,58
1220,96
1220,137
1220,146
1220,257
1221,22
1221,90
1221,96
1221,146
1221,257
1222,58
1222,127
1222,137
1222,209
1223,209
1223,240
1224,209
1224,240
1225,68
1225,209
1225,240
1226,22
1226,88
1226,90
1226,96
1226,146
1226,257
1226,360
1227,22
1227,88
1227,90
1227,96
1227,136
1227,146
1227,257
1227,360
1228,22
1228,88
1228,90
1228,96
1228,136
1228,146
1228,257
1228,360
1229,22
1229,88
1229,90
1229,96
1229,136
1229,146
1229,257
1229,360
1230,22
1230,88
1230,90
1230,96
1230,146
1230,257
1231,22
1231,90
1231,96
1231,146
1231,257
1232,58
1232,137
1232,209
1233,58
1233,137
1233,209
1234,58
1234,127
1234,137
1235,58
1235,137
1235,209
1236,58
1236,137
1236,209
1237,58
1237,257
1239,127
1239,137
1240,87
1240,184
1240,238
1240,251
1241,58
1241,251
1242,58
1242,137
1242,209
1243,58
1243,127
1243,137
1244,87
1244,136
1244,184
1244,238
1244,251
1244,360
1248,58
1248,127
1248,137
1248,209
1251,58
1251,257
1252,209
1253,22
1253,90
1253,96
1253,146
1253,257
1254,87
1254,136
1254,184
1254,238
1254,251
1254,360
1255,58
1255,137
1255,209
1256,58
1259,209
1259,240
1260,209
1260,240
1261,58
1261,127
1261,137
1261,209
1262,87
1262,88
1262,136
1262,184
1262,238
1262,251
1262,360
1263,58
1264,58
1265,58
1266,58
1266,127
1266,137
1266,209
1270,58
1270,96
1270,137
1270,257
1271,58
1271,96
1271,127
1271,137
1271,146
1272,209
1273,209
1274,58
1274,209
1275,58
1275,146
1275,257
1275,360
1276,127
1276,137
1276,172
1276,209
1277,87
1277,184
1277,238
1277,251
1277,395
1280,58
1280,146
1280,257
1280,360
1281,70
1282,22
1282,58
1282,96
1282,137
1282,146
1282,257
1283,58
1283,137
1283,257
1284,127
1284,137
1284,172
1284,209
1285,58
1285,127
1285,137
1285,209
1286,209
1287,58
1288,58
1288,127
1288,137
1288,209
1289,58
1289,137
1291,58
1291,127
1291,137
1291,209
1292,58
1292,209
1293,88
1293,136
1293,251
1293,257
1293,360
1294,88
1294,136
1294,251
1294,257
1294,360
1295,48
1295,76
1296,76
1296,178
1297,76
1297,178
1298,38
1298,164
1298,176
1299,38
1299,164
1299,176
1300,38
1300,164
1300,176
1301,178
1303,150
1303,178
1304,38
1304,164
1304,176
1305,150
1305,178
1306,150
1306,178
1307,1
1307,38
1307,99
1307,164
1307,176
1307,468
1308,48
1308,76
1309,38
1309,99
1309,164
1309,176
1310,1
1310,38
1310,99
1310,164
1310,176
1310,468
1311,10
1311,150
1312,38
1312,164
1312,176
1313,3
1313,164
1314,38
1314,164
1314,176
1314,178
1315,38
1315,164
1315,176
1316,38
1316,164
1316,176
1317,38
1317,164
1317,176
1318,38
1318,164
1318,176
1319,38
1319,176
1320,48
1320,178
1321,178
1322,178
1323,150
1323,178
1324,150
1324,178
1325,48
1325,76
1325,114
1326,38
1326,164
1326,176
1327,1
1327,42
1327,99
1327,112
1327,255
1327,392
1327,439
1327,468
1328,178
1329,10
1329,150
1330,38
1330,164
1330,176
1330,178
1331,48
1331,76
1331,178
1332,48
1332,76
1332,114
1333,3
1333,38
1333,99
1333,164
1333,176
1333,468
1334,38
1334,176
1334,178
1335,38
1335,176
1335,178
1336,150
1336,178
1337,38
1337,164
1337,176
1338,38
1338,176
1338,178
1339,150
1340,38
1340,164
1340,176
1341,48
1341,76
1341,178
1342,178
1343,38
1344,38
1346,150
1347,178
1348,38
1348,176
1348,178
1349,38
1349,164
1349,176
1350,38
1350,164
1350,176
1351,150
1351,178
1352,38
1352,99
1352,164
1352,176
1353,178
1354,38
1354,176
1354,178
1357,144
1358,48
1358,76
1360,150
1361,48
1361,76
1361,178
1362,38
1362,164
1362,176
1363,38
1364,178
1365,1
1365,42
1365,99
1365,112
1365,255
1365,392
1365,439
1365,468
1366,1
1366,42
1366,99
1366,112
1366,255
1366,392
1366,439
1367,38
1367,176
1367,178
1368,3
1368,99
1368,112
1368,164
1368,468
1369,1
1369,38
1369,99
1369,164
1369,176
1370,178
1371,38
1371,164
1371,176
1371,178
1372,150
1372,178
1375,48
1375,178
1376,10
1376,150
1377,48
1377,76
1377,178
1378,38
1378,176
1378,178
1379,178
1380,38
1381,150
1381,178
1382,1
1382,3
1382,99
1382,112
1382,164
1382,468
1383,38
1383,164
1383,176
1383,178
1385,38
1385,176
1385,178
1386,48
1386,76
1386,178
1387,144
1388,178
1389,150
1389,178
1390,150
1390,178
1391,150
1392,38
1392,176
1392,178
1393,144
1394,178
1395,48
1395,76
1396,10
1396,150
1397,10
1397,150
1398,48
1398,76
1398,178
1399,48
1399,76
1400,38
1400,176
1400,178
1401,3
1401,38
1401,99
1401,164
1401,176
1401,468
1402,150
1402,178
1404,38
1404,178
1405,150
1405,178
1406,3
1406,14
1406,99
1406,112
1406,164
1406,468
1407,150
1407,178
1408,38
1408,164
1408,176
1409,48
1409,178
1410,38
1410,164
1410,176
1411,150
1412,38
1412,164
1412,176
1413,1
1413,38
1413,99
1413,164
1413,176
1413,468
1414,38
1414,164
1414,176
1416,38
1416,164
1416,176
1417,38
1417,164
1417,176
1418,10
1418,150
1419,10
1419,150
1420,1
1420,38
1420,176
1421,1
1421,38
1421,164
1421,176
1423,48
1423,178
1424,150
1425,178
1426,38
1426,164
1426,176
1427,164
1428,178
1429,178
1430,10
1430,150
1431,1
1431,38
1431,99
1431,164
1431,176
1432,164
1433,38
1434,178
1435,38
1435,176
1435,178
1436,150
1436,178
1437,178
1440,144
1441,144
1442,3
1442,14
1442,99
1442,112
1442,164
1442,255
1442,392
1442,468
1443,1
1443,3
1443,42
1443,99
1443,112
1443,255
1443,392
1443,439
1443,468
1444,1
1444,99
1444,112
1444,164
1444,255
1444,392
1444,439
1445,1
1445,99
1445,112
1445,164
1445,255
1445,392
1445,439
1445,468
1446,38
1446,164
1446,176
1447,38
1447,164
1447,176
1448,38
1448,164
1448,176
1449,38
1449,164
1449,176
1450,38
1450,164
1450,176
1451,38
1451,164
1451,176
1451,178
1452,38
1452,176
1452,178
1454,38
1454,176
1456,48
1456,178
1457,150
1457,178
1458,150
1458,178
1459,150
1460,150
1461,150
1462,150
1466,48
1466,76
1466,178
1467,48
1467,76
1467,178
1468,48
1468,76
1468,178
1469,150
1469,178
1470,76
1471,10
1471,150
1472,10
1472,150
1473,10
1473,150
1474,48
1474,76
1474,178
1475,144
1476,178
1477,150
1477,178
1478,38
1478,164
1478,176
1479,38
1479,99
1479,164
1479,176
1480,1
1480,38
1480,99
1480,164
1480,176
1481,1
1481,38
1481,99
1481,164
1481,176
1482,38
1482,164
1482,176
1483,38
1483,164
1483,176
1484,38
1484,176
1484,178
1485,38
1485,176
1485,178
1486,38
1486,176
1486,178
1487,38
1487,176
1487,178
1488,150
1489,150
1490,48
1490,76
1490,178
1491,48
1491,76
1491,178
1492,48
1492,76
1493,10
1493,150
1494,10
1494,150
1497,48
1497,178
1498,38
1498,164
1498,176
1499,164
1500,150
1501,38
1501,164
1501,176
1502,38
1502,176
1502,178
1503,1
1503,38
1503,99
1503,164
1503,176
1504,38
1504,176
1504,178
1505,38
1505,176
1506,38
1506,176
1506,178
1507,1
1507,99
1507,112
1507,164
1507,176
1507,255
1507,468
1508,1
1508,99
1508,112
1508,164
1508,176
1508,255
1508,468
1509,1
1509,99
1509,112
1509,164
1509,176
1509,255
1509,468
1510,150
1511,38
1511,164
1511,176
1512,38
1512,176
1512,178
1513,3
1513,38
1513,99
1513,164
1513,176
1513,468
1514,3
1514,38
1514,99
1514,164
1514,176
1514,468
1515,144
1516,1
1516,3
1516,14
1516,99
1516,112
1516,255
1516,392
1516,439
1516,468
1517,1
1517,3
1517,14
1517,99
1517,112
1517,255
1517,392
1517,439
1517,468
1519,10
1519,150
1520,38
1520,164
1520,176
1521,38
1521,164
1521,176
1522,38
1522,164
1522,176
1523,38
1523,164
1523,176
1524,38
1524,164
1524,176
1525,38
1525,164
1525,176
1526,38
1526,164
1526,176
1527,38
1527,164
1527,176
1528,38
1528,164
1528,176
1529,38
1529,164
1529,176
1530,38
1530,164
1530,176
1531,130
1531,248
1532,456
1533,94
1533,368
1534,148
1534,353
1534,427
1536,148
1536,353
1537,94
1537,368
1538,94
1538,368
1539,94
1539,368
1540,94
1540,368
1541,94
1541,368
1542,248
1542,427
1543,73
1544,2
1544,245
1545,27
1545,395
1547,456
1548,27
1548,395
1549,27
1549,130
1549,395
1550,12
1550,41
1550,366
1550,456
1551,148
1551,353
1552,73
1552,248
1552,427
1553,248
1554,94
1554,368
1556,94
1556,368
1557,456
1558,148
1558,248
1558,353
1558,427
1559,248
1559,427
1561,27
1561,395
1562,73
1563,148
1563,353
1563,427
1564,456
1565,148
1565,353
1565,456
1566,148
1566,353
1566,456
1569,186
1570,12
1570,14
1570,41
1570,115
1570,166
1570,366
1570,456
1571,12
1571,14
1571,41
1571,115
1571,166
1571,366
1571,456
1572,27
1572,395
1573,27
1573,130
1574,27
1574,61
1574,395
1575,94
1575,368
1578,94
1578,368
1579,73
1579,248
1579,427
1580,73
1580,94
1580,368
1581,248
1582,248
1583,248
1584,73
1584,427
1585,73
1585,94
1585,368
1585,427
1588,61
1588,148
1588,353
1590,12
1590,41
1590,61
1590,121
1590,166
1590,246
1591,130
1592,27
1592,61
1592,130
1593,73
1593,148
1593,248
1593,353
1593,427
1594,27
1594,395
1596,61
1596,148
1596,248
1596,353
1596,427
1597,73
1597,148
1597,248
1597,353
1597,427
1598,12
1598,14
1598,41
1598,61
1598,115
1598,166
1598,366
1598,456
1600,73
1600,94
1600,368
1600,427
1602,12
1602,41
1602,61
1602,115
1602,121
1602,154
1602,166
1602,246
1602,366
1602,370
1603,61
1603,148
1603,248
1603,353
1603,427
1605,61
1605,73
1605,148
1605,248
1605,353
1605,427
1606,94
1606,368
1607,94
1607,368
1608,61
1608,73
1608,148
1608,353
1608,427
1609,245
1610,130
1611,148
1611,353
1611,456
1612,12
1612,41
1612,61
1612,115
1612,121
1612,154
1612,166
1612,246
1612,366
1613,27
1613,130
1613,395
1614,61
1614,148
1614,353
1616,27
1616,130
1617,94
1617,368
1618,73
1618,148
1618,353
1618,427
1619,73
1619,148
1619,248
1619,353
1619,427
1621,148
1621,353
1622,12
1622,14
1622,41
1622,115
1622,166
1622,366
1622,456
1623,73
1623,248
1623,427
1624,186
1625,186
1626,61
1627,73
1627,94
1627,368
1627,427
1628,94
1628,368
1629,94
1629,368
1630,27
1630,130
1630,248
1631,130
1632,186
1633,94
1633,368
1634,27
1634,130
1635,61
1635,148
1635,248
1635,353
1636,61
1636,148
1636,353
1636,427
1637,248
1638,27
1638,395
1639,94
1639,368
1640,148
1640,353
1640,456
1641,73
1641,94
1641,368
1642,61
1642,148
1642,248
1642,353
1642,427
1643,94
1643,368
1644,2
1644,245
1644,456
1645,12
1645,14
1645,41
1645,61
1645,115
1645,121
1645,154
1645,166
1645,366
1645,456
1646,27
1646,130
1647,61
1647,148
1647,353
1648,245
1648,456
1649,61
1649,353
1650,73
1650,148
1650,248
1650,353
1650,427
1651,27
1651,130
1651,395
1652,130
1654,73
1654,248
1654,427
1655,12
1655,14
1655,41
1655,115
1655,166
1655,366
1655,456
1658,94
1658,368
1659,12
1659,41
1659,61
1659,115
1659,121
1659,154
1659,166
1659,246
1659,366
1660,94
1660,368
1662,94
1662,368
1664,130
1665,73
1666,94
1666,148
1666,353
1666,368
1667,73
1667,94
1667,368
1667,427
1668,130
1669,27
1669,395
1670,73
1670,148
1670,353
1670,427
1671,186
1672,12
1672,41
1672,61
1672,115
1672,166
1672,366
1672,456
1673,186
1674,148
1674,353
1675,245
1675,456
1676,148
1676,353
1678,27
1678,130
1678,395
1679,73
1679,148
1679,353
1679,427
1680,27
1680,395
1682,27
1682,61
1682,248
1684,73
1685,73
1685,148
1685,248
1685,353
1685,427
1686,27
1686,395
1687,248
1690,61
1690,73
1690,148
1690,248
1690,353
1690,427
1691,94
1691,368
1692,27
1692,130
1693,61
1693,148
1693,353
1694,245
1694,456
1696,73
1696,94
1696,368
1697,148
1697,353
1698,61
1698,148
1698,248
1698,353
1698,427
1700,73
1700,94
1700,368
1701,27
1701,61
1701,395
1702,94
1702,186
1702,368
1703,248
1704,94
1704,368
1707,73
1707,248
1707,427
1708,245
1708,456
1718,2
1718,245
1722,94
1722,368
1723,94
1723,368
1724,73
1724,94
1724,368
1725,12
1725,14
1725,41
1725,115
1725,166
1725,366
1725,456
1727,130
1727,248
1727,427
1728,2
1728,245
1728,456
1729,148
1729,353
1729,456
1730,94
1730,368
1731,27
1731,61
1731,130
1731,248
1732,73
1732,148
1732,353
1732,427
1733,73
1733,148
1733,248
1733,353
1733,427
1734,245
1734,456
1736,148
1736,353
1737,27
1737,130
1737,248
1738,245
1738,456
1739,73
1739,427
1741,73
1742,73
1743,130
1745,73
1746,94
1746,368
1747,73
1747,148
1747,248
1747,353
1747,427
1748,2
1748,245
1749,248
1749,427
1750,73
1750,94
1750,368
1750,427
1751,61
1751,148
1751,248
1751,353
1752,130
1752,248
1753,61
1753,73
1753,148
1753,248
1753,353
1753,427
1754,73
1754,94
1754,368
1754,427
1755,73
1755,94
1755,368
1755,427
1756,73
1756,148
1756,248
1756,353
1756,427
1757,148
1757,353
1757,456
1758,248
1759,61
1759,148
1759,248
1759,353
1759,427
1760,73
1760,148
1760,353
1760,427
1761,27
1761,130
1761,395
1762,73
1762,94
1762,368
1763,61
1763,148
1763,353
1763,427
1764,73
1764,94
1764,368
1765,73
1765,94
1765,368
1768,73
1768,94
1768,368
1768,427
1769,73
1769,94
1769,368
1770,2
1770,245
1770,456
1771,248
1772,248
1773,27
1773,395
1774,94
1774,368
1775,248
1777,94
1777,368
1778,94
1778,368
1779,94
1779,368
1780,73
1781,73
1783,186
1784,61
1785,12
1785,14
1785,41
1785,61
1785,115
1785,166
1785,366
1785,456
1788,148
1788,353
1789,148
1789,353
1790,148
1790,353
1791,12
1791,41
1791,61
1791,166
1792,61
1792,148
1792,353
1793,27
1793,395
1794,186
1795,73
1795,248
1795,427
1796,61
1796,148
1796,353
1796,427
1797,61
1797,73
1797,148
1797,248
1797,353
1797,427
1798,61
1798,73
1798,148
1798,248
1798,353
1798,427
1799,130
1800,61
1800,148
1800,248
1800,353
1800,427
1801,94
1801,186
1801,368
1802,94
1802,186
1802,368
1803,61
1803,148
1803,353
1804,186
1806,61
1806,73
1806,148
1806,248
1806,353
1806,427
1807,73
1807,148
1807,248
1807,353
1807,427
1808,73
1808,148
1808,248
1808,353
1808,427
1809,73
1809,148
1809,248
1809,353
1809,427
1810,73
1810,148
1810,248
1810,353
1810,427
1811,73
1811,148
1811,248
1811,353
1811,427
1812,73
1812,148
1812,248
1812,353
1812,427
1813,73
1813,148
1813,248
1813,353
1813,427
1814,73
1814,248
1814,427
1815,73
1815,248
1815,427
1816,73
1816,148
1816,248
1816,353
1816,427
1817,73
1817,248
1817,427
1820,61
1820,148
1820,353
1821,61
1821,148
1821,353
1822,148
1822,353
1822,427
1823,148
1823,353
1823,427
1824,148
1824,353
1824,427
1827,94
1827,368
1828,94
1828,368
1830,12
1830,41
1830,61
1830,166
1831,12
1831,41
1831,61
1831,166
1832,12
1832,41
1832,61
1832,166
1833,12
1833,41
1833,61
1834,12
1834,41
1834,61
1834,115
1834,121
1834,154
1834,166
1834,246
1834,366
1835,12
1835,41
1835,61
1835,115
1835,121
1835,154
1835,166
1835,246
1835,366
1836,456
1837,456
1838,148
1838,353
1838,456
1839,148
1839,353
1839,456
1840,148
1840,353
1840,456
1841,14
1841,245
1841,366
1841,456
1842,366
1842,456
1847,27
1847,61
1848,27
1848,130
1848,395
1849,27
1849,130
1849,395
1850,27
1850,130
1850,395
1851,27
1851,130
1852,27
1852,130
1852,248
1853,27
1853,130
1853,395
1854,27
1854,130
1854,395
1855,27
1855,130
1855,248
1856,130
1856,248
1857,27
1857,130
1858,130
1859,130
1860,27
1860,61
1861,27
1861,61
1861,248
1862,61
1862,73
1862,148
1862,248
1862,353
1862,427
1863,186
1864,186
1865,32
1865,62
1865,75
1865,273
1866,23
1866,32
1866,62
1866,75
1866,273
1867,32
1867,62
1867,80
1867,273
1867,412
1868,80
1868,273
1868,412
1869,32
1869,62
1869,75
1869,80
1869,273
1870,1
1871,1
1871,255
1871,439
1872,1
1872,255
1873,32
1873,48
1874,32
1874,62
1874,75
1874,80
1874,273
1875,1
1875,255
1876,80
1876,273
1876,412
1877,32
1877,48
1877,75
1877,76
1878,32
1878,62
1878,66
1878,80
1878,412
1879,80
1879,273
1879,412
1880,80
1880,273
1880,412
1881,80
1881,273
1881,412
1882,1
1883,62
1883,80
1883,273
1883,412
1884,1
1884,255
1885,32
1885,62
1885,66
1885,80
1885,273
1886,23
1886,32
1886,62
1886,75
1886,80
1886,273
1887,32
1887,48
1888,32
1888,48
1888,75
1888,76
1889,32
1889,66
1890,32
1890,48
1890,75
1890,76
1891,1
1891,255
1892,197
1893,321
1895,233
1896,321
1897,321
1898,321
1900,321
1902,197
1903,321
1904,197
1905,197
1906,197
1916,343
1917,197
1918,197
1919,197
1920,197
1921,197
1922,197
1922,378
1923,197
1923,378
1924,197
1924,378
1925,197
1925,378
1926,197
1926,378
1927,197
1927,378
1928,197
1928,378
1929,197
1929,378
1930,197
1930,378
1931,197
1931,378
1932,197
1933,197
1934,197
1935,197
1936,197
1937,197
1938,197
1939,197
1940,197
1941,197
1942,197
1942,378
1943,197
1943,378
1944,197
1945,197
1946,197
1947,197
1948,197
1949,197
1950,197
1951,197
1953,197
1954,197
1955,179
1956,179
1957,179
1957,205
1958,70
1958,205
1958,256
1959,179
1959,205
1960,179
1960,205
1960,256
1961,179
1962,179
1962,256
1963,179
1963,205
1963,256
1964,179
1964,256
1965,179
1965,205
1966,240
1966,256
1967,179
1967,205
1968,179
1968,205
1968,256
1969,179
1970,205
1970,256
1971,179
1972,179
1972,256
1973,179
1973,205
1973,256
1974,179
1975,179
1975,256
1976,179
1976,256
1977,179
1977,205
1977,256
1978,179
1978,205
1978,256
1979,179
1980,179
1981,179
1982,179
1982,205
1982,256
1983,179
1983,205
1983,256
1984,179
1984,205
1984,256
1985,205
1986,179
1986,256
1987,179
1987,205
1988,70
1988,205
1989,179
1989,205
1990,179
1990,205
1990,256
1991,179
1992,205
1993,205
1993,256
1994,179
1994,205
1994,256
1995,179
1995,205
1995,256
1996,179
1996,205
1997,179
1997,256
1998,179
1999,179
1999,205
1999,256
2000,179
2000,205
2001,70
2001,205
2002,70
2002,205
2002,256
2003,179
2003,205
2003,256
2004,179
2004,205
2004,256
2005,179
2005,256
2006,179
2006,205
2006,256
2007,179
2007,205
2007,256
2008,179
2008,256
2009,179
2009,205
2009,256
2010,205
2010,256
2011,179
2011,205
2011,256
2012,179
2013,179
2013,256
2014,179
2014,256
2015,240
2015,256
2016,179
2016,205
2016,256
2017,179
2017,205
2018,256
2019,205
2020,179
2020,256
2021,179
2021,205
2022,179
2022,205
2024,179
2024,256
2025,179
2025,205
2025,256
2026,179
2026,205
2026,256
2027,179
2027,205
2027,256
2028,70
2029,205
2030,205
2031,205
2032,205
2033,179
2033,256
2034,70
2035,70
2036,256
2037,179
2038,179
2038,205
2039,205
2040,205
2041,179
2041,256
2042,205
2042,256
2043,179
2043,205
2043,256
2044,256
2045,179
2045,205
2045,256
2046,179
2046,205
2046,256
2047,179
2047,205
2047,256
2048,179
2048,256
2050,205
2051,205
2052,179
2052,205
2052,256
2053,179
2053,256
2054,179
2054,240
2054,256
2055,179
2055,240
2055,256
2056,240
2056,256
2057,179
2058,179
2058,256
2059,179
2059,240
2059,256
2060,179
2061,179
2062,179
2062,205
2062,256
2063,179
2064,179
2064,256
2066,256
2067,205
2068,179
2068,205
2068,256
2069,179
2069,256
2070,179
2070,256
2071,70
2072,70
2073,70
2074,70
2075,70
2076,205
2077,179
2078,179
2079,179
2080,179
2081,179
2082,179
2083,179
2084,179
2085,179
2086,179
2087,70
2088,70
2089,256
2090,256
2091,256
2092,205
2092,256
2093,70
2093,205
2094,70
2094,205
2095,179
2095,240
2095,256
2096,179
2096,240
2096,256
2097,70
2098,70
2099,70
2100,70
2101,70
2101,205
2102,70
2102,205
2103,70
2103,205
2104,179
2104,205
2104,256
2105,179
2105,205
2105,256
2106,179
2106,205
2106,256
2107,179
2107,205
2108,179
2109,179
2110,179
2111,179
2112,70
2113,179
2113,256
2114,179
2114,256
2115,179
2115,256
2116,179
2116,256
2117,179
2117,256
2118,179
2119,179
2120,179
2120,205
2120,256
2121,256
2122,240
2122,256
2123,179
2123,205
2123,256
2124,179
2124,205
2125,179
2125,205
2125,256
2126,70
2127,240
2127,256
2128,179
2128,205
2128,256
2129,205
2130,256
2131,70
2132,179
2132,256
2133,179
2133,205
2133,256
2134,70
2135,179
2135,205
2136,179
2136,256
2137,179
2137,256
2138,70
2138,205
2139,127
2139,137
2140,127
2140,172
2140,412
2141,172
2141,412
2142,127
2142,172
2142,412
2143,127
2143,172
2143,412
2144,103
2144,172
2144,412
2145,127
2145,172
2145,412
2146,80
2146,127
2146,172
2146,412
2147,103
2147,127
2147,172
2147,412
2148,172
2148,412
2149,4
2149,103
2149,160
2149,344
2149,356
2149,359
2150,127
2150,137
2150,172
2150,412
2151,68
2151,209
2151,240
2152,103
2152,160
2152,172
2152,344
2153,127
2153,137
2153,172
2153,412
2154,68
2154,131
2154,209
2154,240
2155,103
2155,160
2155,172
2155,344
2155,356
2155,359
2156,103
2156,160
2156,344
2157,103
2157,160
2157,344
2158,127
2158,172
2159,127
2159,137
2160,127
2160,172
2160,412
2161,127
2161,172
2161,412
2162,68
2162,127
2162,172
2162,209
2162,240
2163,127
2163,137
2164,127
2164,172
2164,412
2165,127
2165,172
2165,412
2166,127
2166,137
2167,127
2167,172
2167,412
2168,127
2168,172
2168,412
2169,103
2169,127
2169,172
2169,412
2170,127
2170,172
2170,412
2171,103
2171,160
2171,172
2171,344
2172,127
2172,137
2172,172
2172,209
2173,127
2173,137
2173,172
2173,209
2174,127
2174,137
2174,172
2174,209
2175,68
2175,209
2175,240
2176,127
2176,137
2176,172
2176,412
2177,127
2177,137
2177,172
2177,412
2178,68
2178,103
2178,131
2178,172
2179,103
2179,160
2179,172
2179,344
2179,356
2179,359
2180,127
2180,172
2180,412
2181,127
2181,137
2181,172
2182,68
2182,127
2182,137
2182,172
2182,209
2182,240
2183,68
2183,131
2183,209
2183,240
2184,127
2184,172
2184,412
2185,68
2185,103
2185,131
2185,172
2185,240
2186,127
2186,172
2186,209
2187,127
2187,172
2187,209
2188,68
2188,127
2188,172
2188,209
2189,172
2189,412
2190,172
2190,412
2191,68
2191,103
2191,131
2191,172
2191,209
2191,240
2192,68
2192,103
2192,131
2192,172
2192,209
2192,240
2193,127
2193,172
2193,209
2194,68
2194,103
2194,131
2194,160
2194,172
2194,344
2194,356
2195,68
2195,103
2195,131
2195,160
2195,172
2195,344
2195,356
2196,68
2196,103
2196,131
2196,160
2196,172
2196,344
2196,356
2197,68
2197,103
2197,131
2197,160
2197,172
2197,344
2197,356
2198,127
2198,137
2198,172
2198,209
2199,172
2199,412
2200,92
2200,460
2201,92
2203,158
2204,93
2204,182
2205,92
2205,460
2206,4
2207,92
2208,158
2209,92
2209,406
2210,406
2211,92
2211,460
2212,92
2212,406
2213,92
2213,460
2214,92
2214,460
2215,158
2217,92
2217,460
2219,92
2219,460
2220,93
2220,406
2221,93
2221,406
2222,158
2224,158
2225,92
2225,460
2226,92
2226,460
2227,406
2228,4
2228,93
2230,92
2230,460
2232,93
2232,406
2233,59
2233,68
2233,103
2233,131
2233,240
2233,356
2234,93
2234,182
2235,158
2236,92
2236,460
2237,406
2238,406
2239,4
2239,93
2239,359
2240,92
2240,460
2241,4
2241,93
2244,93
2245,406
2246,460
2247,158
2248,158
2249,4
2249,93
2249,182
2249,356
2249,359
2250,92
2250,460
2251,92
2251,460
2252,92
2252,406
2253,92
2253,406
2254,92
2254,460
2255,93
2257,158
2258,158
2258,460
2259,92
2259,460
2260,92
2260,406
2261,92
2261,158
2261,460
2262,59
2262,68
2262,131
2262,240
2264,158
2265,158
2266,158
2266,460
2267,92
2267,460
2268,4
2268,93
2268,359
2269,93
2270,93
2270,182
2271,93
2272,158
2273,93
2274,406
2278,92
2279,92
2279,460
2281,4
2281,93
2281,182
2281,356
2281,359
2282,92
2282,406
2283,92
2284,158
2286,406
2288,460
2289,92
2289,460
2290,406
2291,92
2292,92
2293,68
2293,131
2293,209
2293,240
2294,68
2294,131
2294,240
2297,158
2298,158
2300,93
2301,93
2302,4
2302,93
2302,182
2303,93
2304,4
2304,93
2304,182
2304,356
2304,359
2305,4
2305,93
2305,182
2305,356
2305,359
2306,406
2307,93
2308,93
2309,92
2309,406
2310,406
2311,406
2312,92
2312,460
2313,92
2313,406
2314,92
2315,93
2315,182
2316,93
2316,182
2317,182
2318,4
2318,93
2319,93
2320,92
2320,460
2321,92
2321,460
2322,59
2322,68
2322,131
2322,240
2323,59
2323,68
2323,131
2323,240
2326,158
2327,158
2328,4
2328,93
2328,359
2329,4
2329,93
2330,93
2331,92
2331,406
2332,92
2333,406
2334,92
2335,92
2336,59
2336,68
2336,103
2336,131
2336,240
2336,356
2337,59
2337,68
2337,131
2337,240
2338,59
2338,68
2338,131
2338,240
2339,59
2339,68
2339,131
2339,182
2339,240
2340,59
2340,68
2340,131
2340,182
2340,240
2341,59
2341,68
2341,131
2341,240
2342,59
2342,68
2342,131
2342,240
2343,59
2343,68
2343,131
2343,240
2344,4
2344,59
2344,68
2344,103
2344,131
2344,160
2344,182
2344,344
2344,356
2344,359
2345,59
2346,4
2346,59
2346,68
2346,103
2346,131
2346,160
2346,182
2346,344
2346,356
2346,359
2347,4
2347,59
2347,68
2347,103
2347,131
2347,160
2347,182
2347,344
2347,356
2347,359
2348,59
2348,68
2348,131
2348,182
2348,240
2348,356
2349,4
2349,59
2349,68
2349,103
2349,131
2349,160
2349,182
2349,344
2349,356
2349,359
2350,4
2350,59
2350,93
2350,103
2350,131
2350,160
2350,182
2350,344
2350,356
2350,359
2351,4
2351,59
2351,93
2351,103
2351,131
2351,160
2351,182
2351,344
2351,356
2351,359
2352,4
2352,59
2352,93
2352,103
2352,131
2352,160
2352,182
2352,344
2352,356
2352,359
2353,4
2353,59
2353,93
2353,103
2353,131
2353,160
2353,182
2353,344
2353,356
2353,359
2354,4
2354,59
2354,68
2354,93
2354,103
2354,131
2354,160
2354,182
2354,344
2354,356
2354,359
2355,4
2355,59
2355,68
2355,93
2355,103
2355,131
2355,160
2355,182
2355,344
2355,356
2355,359
2356,4
2356,59
2356,68
2356,93
2356,103
2356,131
2356,160
2356,182
2356,344
2356,356
2356,359
2357,4
2357,59
2357,93
2357,103
2357,131
2357,160
2357,182
2357,344
2357,356
2357,359
2358,4
2358,59
2358,93
2358,103
2358,131
2358,160
2358,182
2358,344
2358,356
2358,359
2359,4
2359,59
2359,93
2359,103
2359,131
2359,160
2359,182
2359,344
2359,356
2359,359
2360,4
2360,59
2360,93
2360,103
2360,131
2360,160
2360,182
2360,344
2360,356
2360,359
2361,4
2361,59
2361,68
2361,103
2361,131
2361,160
2361,182
2361,344
2361,356
2361,359
2362,4
2362,59
2362,68
2362,103
2362,131
2362,160
2362,182
2362,344
2362,356
2362,359
2363,4
2363,59
2363,93
2363,103
2363,131
2363,160
2363,182
2363,344
2363,356
2363,359
2364,4
2364,59
2364,93
2364,103
2364,131
2364,160
2364,182
2364,344
2364,356
2364,359
2365,4
2365,59
2365,93
2365,103
2365,131
2365,160
2365,182
2365,344
2365,356
2365,359
2366,4
2366,59
2366,93
2366,103
2366,131
2366,160
2366,182
2366,344
2366,356
2366,359
2367,4
2367,59
2367,68
2367,93
2367,103
2367,131
2367,160
2367,182
2367,344
2367,356
2367,359
2368,4
2368,59
2368,68
2368,93
2368,103
2368,131
2368,160
2368,182
2368,344
2368,356
2368,359
2369,4
2369,59
2369,93
2369,103
2369,131
2369,160
2369,182
2369,344
2369,356
2369,359
2370,4
2370,59
2370,68
2370,93
2370,103
2370,131
2370,160
2370,182
2370,344
2370,356
2370,359
2371,4
2371,59
2371,68
2371,93
2371,103
2371,131
2371,160
2371,182
2371,344
2371,356
2371,359
2372,4
2372,59
2372,68
2372,103
2372,131
2372,160
2372,182
2372,344
2372,356
2372,359
2373,4
2373,59
2373,68
2373,103
2373,131
2373,160
2373,182
2373,344
2373,356
2373,359
2374,4
2374,59
2374,93
2374,103
2374,131
2374,160
2374,182
2374,344
2374,356
2374,359
2375,4
2375,59
2375,93
2375,103
2375,131
2375,160
2375,182
2375,344
2375,356
2375,359
2376,4
2376,59
2376,93
2376,103
2376,131
2376,160
2376,182
2376,344
2376,356
2376,359
2377,4
2377,59
2377,68
2377,103
2377,131
2377,160
2377,182
2377,344
2377,356
2377,359
2378,4
2378,59
2378,68
2378,103
2378,131
2378,160
2378,182
2378,344
2378,356
2378,359
2379,4
2379,59
2379,68
2379,103
2379,131
2379,160
2379,182
2379,344
2379,356
2379,359
2380,4
2380,59
2380,68
2380,103
2380,131
2380,160
2380,182
2380,344
2380,356
2380,359
2381,4
2381,59
2381,93
2381,103
2381,131
2381,160
2381,182
2381,344
2381,356
2381,359
2382,4
2382,59
2382,93
2382,103
2382,131
2382,160
2382,182
2382,344
2382,356
2382,359
2383,4
2383,59
2383,93
2383,103
2383,131
2383,160
2383,182
2383,344
2383,356
2383,359
2384,4
2384,59
2384,68
2384,103
2384,131
2384,160
2384,182
2384,344
2384,356
2384,359
2385,4
2385,59
2385,93
2385,103
2385,131
2385,160
2385,182
2385,344
2385,356
2385,359
2386,4
2386,59
2386,93
2386,103
2386,131
2386,160
2386,182
2386,344
2386,356
2386,359
2387,59
2388,59
2388,68
2388,131
2388,182
2388,240
2389,59
2389,68
2389,131
2389,182
2389,240
2389,356
2390,59
2390,68
2390,131
2390,182
2390,240
2390,356
2391,59
2391,68
2391,131
2391,182
2391,240
2392,59
2392,68
2392,131
2392,182
2392,240
2393,59
2393,68
2393,131
2393,182
2393,240
2394,59
2394,68
2394,131
2394,182
2394,240
2395,59
2395,68
2395,131
2395,182
2395,240
2396,59
2396,68
2396,131
2396,182
2396,240
2397,59
2397,68
2397,131
2397,182
2397,240
2398,59
2398,68
2398,131
2398,182
2398,240
2399,59
2399,68
2399,131
2399,182
2399,240
2400,59
2400,68
2400,131
2400,182
2400,240
2401,59
2401,68
2401,131
2401,182
2401,240
2402,59
2402,68
2402,131
2402,182
2402,240
2403,59
2403,68
2403,131
2403,182
2403,240
2404,59
2404,68
2404,131
2404,182
2404,240
2405,4
2405,59
2405,93
2405,103
2405,131
2405,160
2405,182
2405,344
2405,356
2405,359
2406,4
2406,59
2406,93
2406,103
2406,131
2406,160
2406,182
2406,344
2406,356
2406,359
2407,59
2407,68
2407,131
2407,182
2407,240
2408,59
2408,68
2408,131
2408,182
2408,240
2409,59
2409,68
2409,131
2409,182
2409,240
2410,59
2410,68
2410,131
2410,182
2410,240
2411,59
2411,68
2411,131
2411,182
2411,240
2412,4
2412,59
2412,68
2412,103
2412,131
2412,160
2412,182
2412,344
2412,356
2412,359
2413,4
2413,59
2413,68
2413,103
2413,131
2413,160
2413,182
2413,344
2413,356
2413,359
2414,4
2414,59
2414,68
2414,103
2414,131
2414,160
2414,182
2414,344
2414,356
2414,359
2415,4
2415,59
2415,93
2415,103
2415,131
2415,160
2415,182
2415,344
2415,356
2415,359
2416,4
2416,59
2416,93
2416,103
2416,131
2416,160
2416,182
2416,344
2416,356
2416,359
2417,4
2417,59
2417,93
2417,103
2417,131
2417,160
2417,182
2417,344
2417,356
2417,359
2418,4
2418,59
2418,93
2418,103
2418,131
2418,160
2418,182
2418,344
2418,356
2418,359
2419,4
2419,59
2419,93
2419,103
2419,131
2419,160
2419,182
2419,344
2419,356
2419,359
2420,4
2420,59
2420,93
2420,103
2420,131
2420,160
2420,182
2420,344
2420,356
2420,359
2421,4
2421,59
2421,93
2421,103
2421,131
2421,160
2421,182
2421,344
2421,356
2421,359
2422,4
2422,59
2422,93
2422,103
2422,131
2422,160
2422,182
2422,344
2422,356
2422,359
2423,59
2423,68
2423,240
2424,59
2424,68
2424,131
2424,182
2424,240
2424,356
2424,359
2425,59
2425,68
2425,131
2425,182
2425,240
2425,356
2425,359
2426,59
2426,68
2426,131
2426,182
2426,240
2426,356
2426,359
2427,59
2427,68
2427,131
2427,182
2427,240
2427,356
2427,359
2428,59
2428,68
2428,131
2428,182
2428,240
2428,356
2428,359
2429,59
2429,68
2429,131
2429,182
2429,240
2429,356
2429,359
2430,59
2430,68
2430,131
2430,182
2430,240
2430,356
2430,359
2431,59
2431,68
2431,131
2431,182
2431,356
2431,359
2432,59
2432,68
2432,131
2432,182
2432,356
2432,359
2433,59
2433,68
2433,131
2433,182
2433,356
2433,359
2434,59
2434,68
2434,131
2434,182
2434,240
2434,356
2434,359
2435,59
2435,68
2435,131
2435,182
2435,240
2435,356
2435,359
2436,59
2436,68
2436,131
2436,182
2436,356
2436,359
2437,59
2437,68
2437,131
2437,182
2437,356
2438,4
2438,59
2438,68
2438,103
2438,131
2438,160
2438,182
2438,344
2438,356
2438,359
2439,4
2439,93
2439,103
2439,131
2439,160
2439,182
2439,344
2439,356
2439,359
2440,4
2440,59
2440,93
2440,103
2440,160
2440,182
2440,344
2440,356
2440,359
2441,4
2441,59
2441,93
2441,103
2441,131
2441,160
2441,182
2441,344
2441,356
2441,359
2442,59
2442,68
2442,103
2442,131
2442,182
2442,240
2442,356
2442,359
2443,59
2443,68
2443,103
2443,131
2443,182
2443,240
2443,356
2443,359
2444,59
2444,68
2444,103
2444,131
2444,182
2444,240
2444,356
2444,359
2445,59
2445,68
2445,103
2445,131
2445,182
2445,240
2445,356
2445,359
2446,59
2446,68
2446,103
2446,131
2446,182
2446,356
2446,359
2447,59
2447,68
2447,131
2447,182
2447,356
2447,359
2448,59
2448,68
2448,131
2448,182
2448,240
2448,356
2448,359
2449,59
2449,68
2449,131
2449,182
2449,240
2449,356
2449,359
2450,59
2450,68
2450,131
2450,182
2450,356
2450,359
2451,59
2451,68
2451,131
2451,182
2451,356
2451,359
2452,59
2452,68
2452,131
2452,182
2452,356
2452,359
2453,59
2453,68
2453,131
2453,182
2453,356
2453,359
2454,59
2454,68
2454,131
2454,182
2454,356
2455,59
2455,68
2455,131
2455,182
2455,356
2456,59
2456,68
2456,131
2456,182
2456,356
2457,4
2457,59
2457,93
2457,131
2457,160
2457,182
2457,344
2457,356
2457,359
2458,4
2458,59
2458,93
2458,131
2458,160
2458,182
2458,344
2458,356
2458,359
2459,4
2459,59
2459,93
2459,131
2459,160
2459,182
2459,344
2459,356
2459,359
2460,4
2460,59
2460,93
2460,103
2460,131
2460,160
2460,182
2460,344
2460,356
2460,359
2461,4
2461,59
2461,93
2461,103
2461,131
2461,160
2461,182
2461,344
2461,356
2461,359
2462,59
2462,68
2462,103
2462,131
2462,182
2462,356
2462,359
2463,59
2463,68
2463,131
2463,182
2463,356
2463,359
2464,4
2464,59
2464,93
2464,131
2464,182
2464,344
2464,356
2464,359
2465,4
2465,59
2465,93
2465,131
2465,182
2465,344
2465,356
2465,359
2466,4
2466,59
2466,93
2466,131
2466,182
2466,344
2466,356
2466,359
2467,92
2467,460
2468,92
2468,460
2469,92
2469,460
2470,92
2470,460
2471,92
2471,460
2472,92
2472,460
2473,92
2473,460
2474,59
2474,68
2474,103
2474,131
2474,182
2474,356
2474,359
2475,59
2475,68
2475,131
2475,182
2475,356
2475,359
2476,59
2476,68
2476,131
2476,182
2476,356
2476,359
2477,59
2477,68
2477,131
2477,182
2477,356
2477,359
2478,59
2478,68
2478,131
2478,182
2478,356
2478,359
2479,59
2479,68
2479,131
2479,182
2479,356
2479,359
2480,59
2480,68
2480,131
2480,182
2480,356
2480,359
2481,59
2481,68
2481,131
2481,182
2481,356
2481,359
2482,59
2482,68
2482,131
2482,182
2482,356
2482,359
2483,59
2483,93
2483,131
2483,182
2483,356
2483,359
2484,4
2484,59
2484,93
2484,131
2484,182
2484,344
2484,356
2484,359
2485,4
2485,59
2485,93
2485,131
2485,182
2485,344
2485,356
2485,359
2486,4
2486,59
2486,93
2486,131
2486,182
2486,344
2486,356
2486,359
2487,4
2487,59
2487,93
2487,131
2487,182
2487,344
2487,356
2487,359
2488,4
2488,59
2488,93
2488,131
2488,182
2488,344
2488,356
2488,359
2489,4
2489,59
2489,93
2489,131
2489,182
2489,344
2489,356
2489,359
2490,59
2490,68
2490,131
2490,182
2490,356
2490,359
2491,59
2491,68
2491,131
2491,182
2491,356
2491,359
2492,59
2492,68
2492,131
2492,182
2492,356
2492,359
2493,4
2493,59
2493,93
2493,103
2493,131
2493,160
2493,182
2493,344
2493,356
2493,359
2494,4
2494,59
2494,93
2494,131
2494,182
2494,344
2494,356
2494,359
2495,4
2495,59
2495,93
2495,131
2495,160
2495,182
2495,344
2495,356
2495,359
2496,59
2496,68
2496,103
2496,131
2496,182
2496,344
2496,356
2496,359
2497,59
2497,68
2497,131
2497,182
2497,356
2497,359
2498,59
2498,68
2498,103
2498,131
2498,182
2498,356
2498,359
2499,4
2499,59
2499,93
2499,103
2499,131
2499,160
2499,182
2499,344
2499,356
2499,359
2500,4
2500,59
2500,93
2500,103
2500,131
2500,160
2500,182
2500,344
2500,356
2500,359
2501,92
2501,460
2502,59
2502,68
2502,131
2502,240
2503,59
2503,68
2503,131
2503,182
2503,356
2503,359
2504,59
2504,93
2504,131
2504,182
2504,356
2504,359
2505,59
2505,93
2505,131
2505,182
2505,356
2505,359
2506,59
2506,68
2506,131
2506,182
2506,356
2506,359
2507,59
2507,68
2507,131
2507,182
2507,356
2507,359
2508,68
2508,131
2508,209
2508,240
2509,59
2509,68
2509,131
2509,240
2510,59
2510,68
2510,131
2510,182
2510,356
2510,359
2511,59
2511,68
2511,131
2511,182
2511,356
2511,359
2512,59
2512,68
2512,131
2512,182
2512,356
2512,359
2513,59
2513,68
2513,131
2513,182
2513,356
2513,359
2514,59
2514,68
2514,131
2514,182
2514,356
2514,359
2515,59
2515,68
2515,131
2515,182
2515,356
2515,359
2516,59
2516,68
2516,131
2516,182
2516,356
2516,359
2517,59
2517,68
2517,131
2517,182
2517,356
2517,359
2518,59
2518,68
2518,131
2518,182
2518,356
2518,359
2519,59
2519,68
2519,131
2519,182
2519,356
2519,359
2520,59
2520,68
2520,131
2520,182
2520,356
2520,359
2521,59
2521,68
2521,131
2521,182
2521,356
2521,359
2522,59
2522,68
2522,131
2522,182
2522,356
2522,359
2523,59
2523,68
2523,131
2523,182
2523,356
2523,359
2524,59
2524,68
2524,131
2524,182
2524,356
2524,359
2525,59
2525,68
2525,131
2525,182
2525,356
2525,359
2526,59
2526,93
2526,131
2526,182
2526,356
2526,359
2527,59
2527,93
2527,131
2527,182
2527,356
2527,359
2528,59
2528,93
2528,131
2528,182
2528,356
2528,359
2529,59
2529,93
2529,131
2529,182
2529,356
2529,359
2530,59
2530,93
2530,131
2530,182
2530,356
2530,359
2531,59
2531,93
2531,131
2531,182
2531,356
2531,359
2532,4
2532,59
2532,93
2532,131
2532,182
2532,356
2532,359
2533,59
2533,93
2533,131
2533,182
2533,356
2533,359
2534,59
2534,93
2534,131
2534,182
2534,356
2534,359
2535,59
2535,93
2535,131
2535,182
2535,356
2535,359
2536,59
2536,68
2536,131
2536,182
2536,356
2537,59
2537,68
2537,131
2537,182
2537,356
2537,359
2538,59
2538,68
2538,131
2538,182
2538,356
2538,359
2539,158
2540,158
2541,158
2542,158
2543,158
2544,158
2545,158
2546,4
2546,59
2546,93
2546,131
2546,182
2546,344
2546,356
2546,359
2547,4
2547,59
2547,93
2547,131
2547,182
2547,344
2547,356
2547,359
2548,4
2548,59
2548,93
2548,131
2548,182
2548,344
2548,356
2548,359
2549,4
2549,59
2549,93
2549,131
2549,182
2549,344
2549,356
2549,359
2550,4
2550,59
2550,93
2550,131
2550,182
2550,356
2550,359
2551,4
2551,59
2551,93
2551,131
2551,182
2551,344
2551,356
2551,359
2552,4
2552,59
2552,93
2552,131
2552,182
2552,344
2552,356
2552,359
2553,4
2553,59
2553,93
2553,131
2553,182
2553,344
2553,356
2553,359
2554,4
2554,59
2554,93
2554,182
2554,344
2554,356
2554,359
2555,4
2555,59
2555,93
2555,182
2555,356
2555,359
2556,4
2556,59
2556,93
2556,182
2556,356
2556,359
2557,4
2557,59
2557,93
2557,182
2557,356
2557,359
2558,4
2558,59
2558,93
2558,182
2558,356
2558,359
2559,4
2559,59
2559,93
2559,131
2559,182
2559,356
2559,359
2560,4
2560,59
2560,93
2560,131
2560,182
2560,356
2560,359
2561,4
2561,59
2561,93
2561,131
2561,182
2561,356
2561,359
2562,4
2562,59
2562,93
2562,131
2562,182
2562,344
2562,356
2562,359
2563,93
2563,182
2565,158
2565,460
2566,59
2566,68
2566,240
2567,59
2567,68
2567,131
2567,240
2568,59
2568,68
2568,131
2568,240
2569,59
2569,68
2569,131
2569,240
2570,158
2571,158
2572,59
2572,68
2572,240
2573,59
2573,68
2573,131
2573,240
2574,59
2574,68
2574,131
2574,240
2575,158
2576,158
2577,59
2577,68
2577,131
2577,240
2578,59
2578,68
2578,131
2578,240
2579,59
2579,68
2579,131
2579,240
2580,68
2580,103
2580,131
2580,172
2580,240
2581,158
2582,158
2583,158
2584,158
2585,158
2586,158
2587,92
2587,460
2588,158
2589,158
2590,59
2590,68
2590,131
2590,240
2592,59
2592,68
2592,131
2592,240
2593,59
2593,68
2593,131
2593,240
2595,239
2595,299
2599,196
2600,196
2601,196
2602,196
2602,299
2605,196
2608,196
2609,239
2609,299
2611,446
2613,446
2615,196
2615,299
2616,239
2616,299
2618,196
2619,196
2619,446
2620,196
2620,446
2622,196
2622,446
2623,239
2623,299
2627,446
2628,446
2630,446
2631,446
2632,196
2632,446
2633,239
2633,299
2636,446
2641,239
2641,299
2643,446
2646,239
2646,299
2647,446
2650,446
2651,239
2651,299
2652,196
2657,446
2667,446
2668,446
2673,446
2674,239
2674,299
2676,196
2676,239
2676,299
2677,196
2677,239
2677,299
2678,196
2678,239
2678,299
2679,196
2679,239
2679,299
2680,196
2680,239
2680,299
2681,196
2681,239
2681,299
2685,239
2685,299
2687,239
2687,299
2689,196
2689,239
2689,299
2690,446
2691,446
2692,446
2693,446
2694,446
2695,196
2695,446
2696,196
2696,446
2697,196
2697,446
2698,196
2698,446
2699,196
2699,446
2700,196
2700,446
2702,239
2702,299
2703,239
2703,299
2704,196
2704,239
2704,299
2707,196
2707,446
2708,196
2708,446
2709,196
2709,446
2710,196
2710,446
2711,196
2711,446
2712,196
2712,446
2713,196
2713,446
2714,196
2714,446
2715,196
2715,446
2716,196
2716,446
2717,196
2717,446
2718,196
2718,446
2719,196
2719,446
2720,196
2720,446
2721,196
2721,239
2721,299
2722,446
2723,446
2724,446
2725,446
2726,446
2727,446
2728,446
2729,446
2730,446
2731,446
2732,446
2733,446
2734,196
2734,446
2735,196
2735,446
2736,196
2736,446
2737,196
2737,446
2738,196
2738,446
2739,196
2739,446
2740,196
2740,446
2741,196
2741,446
2742,196
2742,446
2743,196
2743,446
2744,196
2744,239
2744,299
2744,446
2747,446
2748,446
2749,446
2750,196
2750,446
2751,196
2751,446
2752,196
2752,446
2753,446
2754,446
2755,446
2756,446
2757,446
2758,446
2759,446
2760,196
2760,446
2762,196
2762,239
2762,299
2763,196
2763,239
2763,299
2764,196
2764,239
2764,299
2765,196
2765,239
2765,299
2766,196
2766,239
2766,299
2767,196
2767,239
2767,299
2768,196
2768,239
2768,299
2769,196
2769,239
2769,299
2770,196
2770,239
2770,299
2926,177
2927,177
2928,177
2929,177
2930,177
2931,411
2931,462
2932,177
2933,177
2934,177
2937,177
2943,177
2944,177
2945,177
2946,177
2947,177
2949,177
2950,177
2951,177
2952,177
2953,177
2954,177
2955,177
2956,411
2956,462
2957,177
2958,177
2958,462
2959,177
2961,177
2962,177
2963,177
2964,177
2964,411
2965,177
2966,177
2967,411
2967,462
2971,177
2972,177
2973,177
2980,177
2981,177
2982,177
2984,177
2985,177
2987,177
2989,177
2990,177
2991,177
2992,177
2993,177
2994,177
2995,177
2996,411
2996,462
2997,177
3001,177
3002,177
3003,177
3004,177
3005,177
3006,177
3006,411
3007,177
3035,324
3035,458
3036,220
3036,458
3037,324
3037,458
3038,30
3038,151
3038,220
3038,324
3038,440
3038,458
3039,30
3039,149
3039,151
3039,220
3039,440
3040,30
3040,149
3040,220
3040,440
3041,30
3041,149
3041,151
3041,220
3041,440
3042,30
3042,151
3042,220
3042,324
3042,440
3042,458
3043,30
3043,149
3043,151
3043,220
3043,440
3044,30
3044,149
3044,440
3045,30
3045,149
3045,151
3045,220
3045,440
3047,30
3047,149
3047,440
3048,324
3048,458
3049,324
3049,458
3050,324
3050,458
3051,30
3051,149
3051,440
3052,30
3052,149
3052,151
3052,220
3052,440
3053,30
3053,149
3053,151
3053,220
3053,324
3053,440
3053,458
3054,324
3054,458
3055,151
3055,220
3055,324
3055,458
3056,30
3056,149
3056,151
3056,220
3056,440
3057,151
3057,220
3057,324
3057,458
3058,324
3058,458
3059,151
3059,220
3059,324
3059,458
3060,151
3060,220
3060,324
3060,458
3061,30
3061,220
3061,440
3062,30
3062,151
3062,220
3062,440
3062,458
3063,30
3063,149
3063,151
3063,220
3063,440
3064,30
3064,151
3064,220
3064,324
3064,440
3064,458
3065,30
3065,149
3065,151
3065,220
3065,324
3065,440
3065,458
3066,30
3066,149
3066,151
3066,220
3066,324
3066,440
3066,458
3067,30
3067,149
3067,151
3067,220
3067,440
3068,30
3068,151
3068,220
3068,324
3068,440
3068,458
3069,151
3069,220
3069,324
3069,458
3070,151
3070,220
3070,324
3070,458
3071,324
3071,458
3072,30
3072,151
3072,220
3072,324
3072,440
3072,458
3073,30
3073,151
3073,220
3073,324
3073,440
3073,458
3074,324
3074,458
3075,324
3075,458
3076,324
3076,458
3077,324
3077,458
3078,324
3078,458
3080,458
3081,324
3081,458
3082,30
3082,149
3082,220
3082,440
3083,30
3083,149
3083,151
3083,220
3083,440
3084,30
3084,149
3084,440
3085,30
3085,149
3085,440
3086,30
3086,149
3086,151
3086,220
3086,324
3086,440
3087,30
3087,149
3087,440
3088,30
3088,149
3088,440
3089,30
3089,149
3089,151
3089,220
3089,440
3090,30
3090,149
3090,440
3091,30
3091,149
3091,440
3093,30
3093,149
3093,440
3094,30
3094,149
3094,151
3094,440
3095,30
3095,149
3095,151
3095,220
3095,440
3096,30
3096,149
3096,440
3097,30
3097,149
3097,151
3097,220
3097,440
3098,30
3098,149
3098,440
3099,30
3099,149
3099,440
3100,151
3100,220
3100,458
3101,30
3101,149
3101,151
3101,220
3101,440
3102,30
3102,149
3102,151
3102,220
3102,440
3102,458
3103,30
3103,151
3103,220
3103,324
3103,440
3103,458
3104,30
3104,149
3104,151
3104,220
3104,440
3105,30
3105,149
3105,151
3105,220
3105,324
3105,440
3105,458
3106,30
3106,149
3106,151
3106,220
3106,324
3106,440
3106,458
3107,30
3107,149
3107,151
3107,220
3107,440
3108,151
3108,324
3109,30
3109,149
3109,151
3109,220
3109,440
3110,30
3110,220
3110,440
3111,30
3111,149
3111,151
3111,220
3111,440
3112,324
3112,458
3113,30
3113,149
3113,440
3114,30
3114,151
3114,220
3114,324
3114,440
3114,458
3115,151
3115,220
3115,324
3115,458
3116,30
3116,149
3116,440
3117,30
3117,149
3117,440
3118,30
3118,149
3118,151
3118,220
3118,440
3206,324
3207,324
3208,324
3209,324
3210,324
3211,324
3212,324
3213,324
3224,324
3225,324
3226,324
3227,324
3228,324
3261,324
3262,114
3262,129
3263,21
3263,114
3263,129
3264,21
3264,114
3264,129
3265,21
3265,114
3265,129
3266,45
3269,119
3270,165
3271,165
3272,165
3273,119
3273,310
3274,76
3274,114
3274,129
3275,21
3275,76
3275,114
3275,129
3276,21
3276,76
3276,114
3276,129
3281,45
3281,384
3283,310
3284,114
3284,129
3286,119
3288,6
3288,106
3289,310
3290,310
3291,114
3291,129
3292,6
3292,10
3292,106
3293,141
3294,119
3296,141
3298,40
3299,54
3300,54
3301,54
3302,114
3302,129
3303,114
3303,129
3304,129
3305,45
3306,141
3308,119
3308,141
3309,45
3309,119
3310,6
3310,106
3311,21
3311,114
3311,129
3312,119
3313,114
3313,129
3314,129
3316,310
3317,36
3317,40
3318,45
3318,119
3320,310
3321,54
3322,21
3322,76
3322,114
3322,129
3323,21
3323,76
3323,114
3323,129
3324,54
3325,54
3326,54
3327,119
3327,141
3328,36
3328,40
3329,54
3331,129
3332,384
3333,119
3333,310
3334,21
3334,76
3334,114
3334,129
3335,54
3336,165
3338,40
3339,48
3339,76
3339,114
3339,129
3340,141
3341,119
3341,141
3342,6
3342,106
3342,310
3343,76
3343,114
3343,129
3344,141
3345,119
3346,141
3347,129
3348,141
3349,40
3350,114
3350,129
3351,310
3352,21
3352,76
3352,114
3352,129
3353,21
3353,76
3353,114
3353,129
3354,54
3356,54
3357,114
3357,129
3359,310
3360,310
3361,54
3362,114
3362,129
3363,45
3364,54
3367,310
3369,54
3370,114
3370,129
3371,54
3372,54
3373,54
3374,114
3374,129
3375,310
3376,6
3376,106
3376,310
3377,119
3378,114
3378,129
3379,6
3379,10
3380,310
3381,141
3382,54
3383,165
3386,310
3387,21
3387,76
3387,114
3387,129
3388,45
3389,45
3391,129
3393,54
3394,54
3395,54
3396,54
3398,114
3398,129
3399,310
3400,310
3401,310
3403,45
3405,21
3405,76
3405,114
3405,129
3406,114
3406,129
3407,129
3408,310
3409,114
3409,129
3410,114
3410,129
3411,45
3411,384
3412,129
3413,310
3415,54
3416,114
3416,129
3418,129
3419,119
3419,310
3420,310
3421,141
3422,119
3423,36
3423,40
3424,310
3427,310
3428,119
3428,141
3430,36
3431,54
3432,45
3434,21
3434,114
3434,129
3435,21
3435,114
3435,129
3437,114
3437,129
3439,36
3440,114
3440,129
3441,21
3441,76
3441,114
3441,129
3442,21
3442,76
3442,114
3442,129
3443,76
3443,114
3443,129
3444,76
3444,114
3444,129
3445,6
3445,10
3445,106
3446,129
3447,129
3448,129
3449,129
3450,6
3450,106
3450,310
3451,6
3451,106
3451,310
3452,6
3452,106
3454,310
3455,310
3456,310
3457,45
3457,310
3458,119
3459,119
3460,119
3461,45
3461,119
3462,141
3463,119
3463,141
3464,141
3465,141
3466,45
3467,45
3467,384
3468,119
3469,119
3469,141
3470,119
3472,45
3473,45
3476,165
3481,40
3482,40
3483,40
3484,54
3485,54
3486,54
3487,54
3488,54
3489,21
3489,76
3489,114
3489,129
3490,21
3490,76
3490,114
3490,129
3491,21
3491,76
3491,114
3491,129
3492,129
3493,129
3494,129
3495,114
3495,129
3498,129
3499,119
3499,141
3499,310
3502,54
3503,114
3503,129
3504,114
3504,129
3505,114
3505,129
3506,21
3506,76
3506,114
3506,129
3507,76
3507,114
3507,129
3508,21
3508,114
3508,129
3509,6
3509,106
3509,310
3510,6
3510,106
3510,310
3511,6
3511,106
3511,310
3512,119
3514,45
3518,54
3519,54
3520,54
3521,54
3522,54
3523,40
3524,129
3525,6
3525,10
3525,106
3526,36
3526,40
3527,129
3528,129
3529,119
3529,141
3530,54
3531,119
3531,141
3532,384
3533,21
3533,48
3533,76
3533,114
3533,129
3534,45
3534,119
3535,119
3535,141
3536,114
3536,129
3537,119
3537,141
3538,45
3538,384
3539,45
3539,384
3540,45
3540,384
3541,76
3541,114
3541,129
3542,6
3542,10
3542,106
3543,310
3544,114
3544,129
3545,114
3545,129
3546,21
3546,76
3546,114
3546,129
3547,21
3547,76
3547,114
3547,129
3548,21
3548,76
3548,114
3548,129
3549,40
3550,21
3550,76
3550,114
3550,129
3551,21
3551,76
3551,114
3551,129
3552,21
3552,76
3552,114
3552,129
3553,114
3553,129
3554,21
3554,114
3554,129
3555,21
3555,114
3555,129
3556,21
3556,114
3556,129
3557,21
3557,114
3557,129
3558,21
3558,114
3558,129
3559,21
3559,114
3559,129
3560,21
3560,114
3560,129
3562,21
3562,114
3562,129
3563,21
3563,114
3563,129
3564,21
3564,114
3564,129
3565,21
3565,114
3565,129
3566,21
3566,114
3566,129
3567,21
3567,114
3567,129
3568,21
3568,114
3568,129
3569,21
3569,114
3569,129
3570,21
3570,114
3570,129
3571,21
3571,114
3571,129
3572,21
3572,114
3572,129
3573,21
3573,114
3573,129
3574,21
3574,114
3574,129
3575,21
3575,114
3575,129
3576,21
3576,114
3576,129
3577,21
3577,114
3577,129
3578,21
3578,114
3578,129
3579,21
3579,114
3579,129
3580,21
3580,114
3580,129
3581,21
3581,114
3581,129
3582,21
3582,114
3582,129
3583,21
3583,114
3583,129
3584,21
3584,114
3584,129
3585,21
3585,114
3585,129
3586,21
3586,114
3586,129
3587,21
3587,114
3587,129
3588,21
3588,114
3588,129
3589,21
3589,114
3589,129
3590,200
3592,8
3593,123
3593,200
3595,266
3596,266
3599,266
3601,266
3604,266
3608,266
3614,266
3615,8
3622,266
3623,266
3624,266
3625,123
3625,200
3628,8
3630,13
3630,102
3632,266
3633,266
3636,13
3636,60
3636,102
3638,101
3640,101
3647,266
3649,266
3650,266
3651,266
3652,266
3653,266
3654,8
3655,303
3656,266
3657,266
3658,266
3661,266
3662,266
3663,266
3664,266
3665,266
3666,266
3667,8
3668,266
3670,303
3671,266
3672,266
3673,200
3674,200
3675,266
3676,123
3676,200
3677,200
3677,266
3678,266
3679,123
3679,200
3681,200
3681,266
3682,266
3683,266
3685,266
3686,266
3688,266
3689,266
3690,266
3691,266
3692,266
3693,266
3694,303
3697,266
3698,266
3701,266
3702,266
3703,266
3704,266
3705,266
3708,266
3709,266
3710,266
3711,266
3729,266
3733,266
3737,266
3740,200
3745,123
3745,200
3746,303
3747,123
3747,200
3758,13
3759,13
3760,123
3760,200
3761,266
3762,8
3765,13
3765,60
3765,102
3766,101
3768,101
3769,101
3771,101
3775,266
3776,266
3777,266
3779,123
3779,200
3780,266
3781,266
3782,266
3783,266
3784,266
3785,266
3786,266
3790,101
3791,266
3792,266
3793,266
3794,303
3796,13
3796,60
3796,102
3797,266
3798,266
3799,266
3800,13
3800,60
3800,102
3802,123
3802,200
3803,101
3804,101
3805,101
3806,101
3807,101
3808,101
3810,17
3811,17
3812,101
3813,101
3823,101
3824,101
3825,101
3826,101
3838,101
3841,17
3842,8
3843,8
3847,101
3849,101
3850,101
3851,101
3853,101
3854,101
3859,101
3860,101
3861,101
3862,101
3865,15
3876,161
3890,17
3905,161
3912,17
3951,17
3952,161
3955,161
3958,161
3987,139
3994,31
3994,123
4008,123
4008,200
4010,139
4025,123
4025,200
4028,139
4029,139
4039,31
4046,139
4047,139
4050,139
4063,139
4069,139
4073,200
4078,139
4105,139
4119,139
4120,139
4124,123
4124,200
4132,139
4145,139
4149,139
4153,139
4159,123
4159,200
4168,139
4169,139
4185,139
4186,139
4196,139
4205,139
4207,139
4209,139
4219,200
4233,31
4235,139
4239,123
4239,200
4243,139
4260,123
4260,200
4261,31
4262,139
4265,123
4267,123
4268,31
4268,123
4270,31
4270,123
4272,123
4273,31
4273,123
4278,139
4281,139
4304,139
4325,139
4326,139
4342,139
4343,139
4344,139
4345,139
4346,139
4347,139
4353,139
4354,139
4360,139
4361,139
4362,123
4362,200
4363,123
4363,200
4374,139
4375,139
4391,139
4396,139
4397,123
4397,200
4398,31
4398,123
4398,200
4407,123
4407,200
4408,31
4417,139
4435,200
4439,123
4439,200
4451,31
4453,31
4466,357
4491,357
4492,357
4494,357
4495,357
4516,357
4517,357
4520,357
4525,357
4529,357
4530,357
4536,357
4551,357
4554,5
4565,5
4596,169
4665,117
4666,117
4824,189
4832,189
4836,189
4873,189
4875,189
4876,189
4885,189
4903,189
4924,189
4940,189
4941,89
4953,189
4954,189
4955,189
4958,189
4967,189
4969,189
4971,189
4978,189
4981,189
4982,189
4984,189
4985,189
4986,189
4991,189
4993,189
4997,189
5021,89
5028,189
5078,89
5079,89
5080,89
5081,89
5082,89
5104,189
5105,189
5111,189
5121,189
5135,189
5172,189
5173,189
5268,89
5311,168
5311,270
5312,168
5312,270
5313,168
5313,270
5314,168
5314,270
5315,168
5315,270
5316,168
5316,270
5317,168
5317,270
5318,168
5318,270
5356,168
5356,270
5357,168
5357,270
5358,168
5358,270
5359,168
5359,270
5388,168
5388,270
5400,89
5401,89
5402,89
5403,89
5405,89
5406,89
5471,89
5515,168
5515,270
5519,168
5519,270
5565,89
5566,168
5566,270
5567,168
5567,270
5586,168
5586,270
5595,89
5669,168
5669,270
5765,89
5766,89
5767,89
5768,89
5769,89
5852,50
5852,135
5858,170
5862,117
5863,50
5863,135
5864,170
5868,170
5869,170
5878,50
5878,135
5881,170
5894,79
5909,170
5912,170
5928,117
5934,50
5934,135
5937,170
5946,170
5948,50
5948,79
5948,135
5951,170
5952,50
5952,135
5957,50
5957,135
5958,50
5958,79
5958,135
5961,170
5962,50
5962,135
5965,50
5965,135
5969,170
5973,50
5973,135
5977,170
5982,50
5982,135
5984,50
5984,135
5985,50
5985,135
5990,50
5990,135
6002,170
6006,170
6254,86
6256,19
6257,19
6258,19
6259,19
6261,86
6265,87
6265,184
6265,238
6265,395
6266,19
6267,19
6268,19
6269,19
6270,19
6271,19
6272,19
6273,19
6274,19
6275,19
6276,19
6277,19
6278,19
6279,19
6280,19
6281,19
6282,19
6285,86
6288,19
6289,19
6290,19
6291,19
6291,85
6296,395
6297,19
6297,85
6300,19
6305,27
6305,395
6306,19
6307,19
6309,19
6309,85
6310,19
6311,19
6312,19
6313,19
6316,19
6317,86
6319,19
6319,85
6320,395
6324,19
6324,85
6325,19
6325,85
6326,19
6326,85
6327,19
6327,85
6332,86
6333,19
6334,19
6336,19
6337,19
6341,19
6342,19
6343,19
6344,19
6345,19
6347,19
6372,19
6373,19
6401,87
6401,184
6401,238
6402,87
6402,184
6402,238
6403,87
6403,184
6403,238
6404,87
6404,184
6404,238
6405,87
6405,184
6405,238
6412,87
6412,184
6412,238
6413,87
6413,184
6413,238
6414,87
6414,184
6414,238
6415,87
6415,184
6415,238
6416,87
6416,184
6416,238
6417,87
6417,184
6417,238
6418,87
6418,184
6418,238
6419,87
6419,184
6419,238
6420,87
6420,184
6420,238
6421,87
6421,184
6421,238
6422,87
6422,184
6422,238
6423,87
6423,184
6423,238
6424,87
6424,184
6424,238
6429,87
6429,184
6429,238
6429,395
6430,19
6430,85
6453,374
6454,282
6455,147
6456,224
6457,147
6457,282
6458,147
6459,147
6459,282
6460,147
6460,282
6462,282
6465,282
6466,78
6467,282
6468,224
6469,147
6469,282
6470,147
6472,173
6472,374
6474,224
6475,224
6476,224
6477,224
6478,224
6484,224
6485,147
6487,147
6488,147
6488,173
6488,374
6489,147
6489,282
6492,147
6493,374
6494,78
6495,147
6495,282
6499,224
6500,224
6501,374
6502,147
6503,173
6503,374
6504,173
6504,374
6505,282
6506,282
6507,224
6511,199
6512,327
6513,52
6513,327
6514,223
6514,267
6515,212
6515,334
6518,269
6519,212
6519,334
6520,199
6521,267
6521,269
6524,212
6524,334
6525,212
6525,334
6526,52
6526,327
6527,199
6527,212
6527,334
6529,447
6530,52
6530,327
6534,223
6534,269
6534,362
6535,223
6535,269
6536,199
6536,212
6536,334
6538,223
6538,267
6538,269
6540,52
6540,327
6541,212
6541,334
6544,52
6544,327
6545,327
6549,199
6549,212
6549,334
6552,212
6552,334
6553,223
6553,267
6555,39
6558,52
6558,327
6559,223
6559,267
6559,269
6560,52
6561,334
6563,267
6565,267
6567,52
6568,52
6569,52
6570,267
6573,447
6574,39
6578,212
6580,39
6580,447
6581,199
6581,334
6582,223
6582,267
6583,327
6584,327
6585,52
6586,199
6587,212
6587,334
6589,334
6590,223
6590,267
6591,223
6591,269
6594,212
6594,334
6595,223
6595,269
6596,223
6596,225
6596,269
6596,362
6600,267
6602,267
6604,52
6604,327
6607,269
6608,334
6609,199
6609,212
6609,334
6610,334
6612,327
6613,267
6613,269
6615,269
6616,269
6617,223
6617,269
6618,269
6621,223
6621,267
6623,52
6624,267
6627,199
6628,267
6631,52
6632,267
6632,269
6634,267
6634,269
6636,223
6636,267
6637,223
6637,267
6637,269
6638,212
6638,334
6640,212
6640,334
6642,334
6644,52
6645,269
6646,199
6646,334
6647,223
6647,269
6647,362
6649,212
6649,334
6651,39
6652,52
6652,327
6654,223
6654,267
6654,269
6655,223
6655,269
6655,362
6656,212
6656,334
6657,52
6658,39
6658,447
6659,52
6659,327
6663,212
6663,334
6666,199
6667,223
6667,267
6669,267
6669,269
6670,447
6671,199
6673,199
6676,327
6677,199
6678,223
6678,267
6678,269
6684,223
6684,269
6686,199
6686,334
6687,199
6691,223
6691,269
6692,223
6692,269
6693,269
6694,223
6694,267
6694,269
6695,223
6695,267
6695,269
6699,39
6700,447
6703,232
6703,362
6705,28
6705,232
6705,362
6708,28
6708,232
6708,333
6713,28
6713,232
6713,333
6715,232
6717,225
6717,362
6719,269
6720,28
6720,232
6720,333
6723,28
6723,232
6723,333
6724,225
6724,232
6724,362
6725,39
6726,225
6726,232
6726,362
6727,447
6728,28
6728,232
6728,333
6732,232
6732,362
6733,35
6734,35
6735,35
6736,39
6737,28
6737,333
6738,333
6743,333
6753,232
6753,362
6754,232
6756,232
6758,232
6758,362
6763,35
6765,232
6765,362
6766,39
6770,28
6770,333
6771,35
6775,447
6776,28
6776,232
6776,362
6778,232
6778,269
6779,28
6779,232
6779,333
6780,35
6782,28
6782,232
6782,333
6783,28
6783,333
6785,232
6789,223
6789,225
6789,362
6790,223
6790,225
6790,362
6791,223
6791,225
6791,362
6793,447
6794,28
6794,232
6794,333
6795,28
6795,333
6796,28
6796,333
6797,28
6797,333
6798,28
6798,333
6799,28
6799,333
6800,28
6800,333
6816,333
6819,232
6820,232
6821,333
6822,28
6822,333
6824,28
6824,333
6826,79
6830,28
6830,333
6831,28
6831,333
6832,35
6834,28
6834,333
6835,28
6835,333
6837,28
6837,333
6838,28
6838,333
6839,28
6839,333
6840,28
6840,333
6843,39
6844,28
6844,333
6846,35
6847,39
6850,223
6850,225
6850,362
6851,223
6851,225
6851,362
6860,28
6860,232
6860,333
6862,333
6867,35
6869,447
6870,28
6870,232
6870,333
6872,28
6872,232
6872,333
6875,28
6875,333
6884,132
6886,39
6886,447
6889,39
6890,39
6892,232
6897,28
6897,232
6897,333
6898,35
6904,35
6908,333
6910,232
6917,39
6919,28
6919,232
6919,333
6923,232
6926,333
6927,35
6945,225
6945,232
6945,362
6946,28
6946,232
6947,28
6947,232
6947,333
6948,35
6952,269
6956,28
6956,225
6956,232
6956,362
6957,35
6964,35
6965,447
6966,132
6968,132
6973,225
6973,362
6976,223
6976,225
6976,362
6979,447
6980,39
6980,447
6984,35
6988,132
6992,35
7002,223
7002,225
7002,362
7006,35
7008,39
7009,132
7010,132
7013,39
7014,132
7016,170
7018,170
7019,20
7020,20
7021,20
7022,20
7023,170
7024,128
7024,169
7026,169
7027,301
7028,301
7031,20
7031,301
7033,128
7033,169
7038,128
7038,169
7039,128
7039,169
7040,128
7040,169
7041,50
7042,264
7044,20
7050,20
7050,301
7051,20
7051,301
7052,50
7053,169
7055,169
7056,79
7057,79
7058,128
7058,169
7059,20
7059,169
7063,20
7063,301
7064,301
7065,128
7065,169
7066,128
7066,169
7067,128
7067,169
7068,79
7069,79
7072,20
7072,301
7074,264
7075,128
7075,169
7076,128
7076,169
7077,128
7077,169
7078,264
7079,20
7080,128
7080,169
7082,20
7083,20
7084,20
7084,301
7086,20
7086,301
7088,301
7089,170
7091,301
7093,301
7094,128
7096,128
7096,169
7098,20
7098,301
7099,264
7100,20
7100,301
7101,20
7103,50
7105,20
7105,301
7112,170
7113,20
7113,301
7114,128
7114,169
7116,20
7116,301
7117,79
7118,79
7121,301
7122,301
7123,264
7124,20
7125,128
7125,169
7126,50
7130,128
7130,169
7131,169
7132,170
7133,128
7133,169
7135,128
7135,169
7137,20
7137,301
7139,301
7140,79
7142,170
7144,79
7150,128
7150,169
7151,169
7152,128
7152,169
7153,128
7153,169
7154,128
7154,169
7156,20
7156,301
7158,128
7158,169
7159,20
7159,169
7159,301
7160,128
7160,169
7161,301
7164,20
7164,301
7167,20
7167,301
7168,170
7169,128
7169,169
7172,301
7173,170
7174,170
7175,128
7175,169
7176,301
7177,169
7178,301
7179,301
7182,79
7184,50
7185,20
7185,301
7186,50
7187,20
7187,301
7188,50
7190,20
7190,301
7191,20
7191,301
7192,170
7200,128
7200,169
7201,20
7201,301
7202,79
7203,170
7206,170
7207,301
7208,301
7210,264
7211,20
7211,301
7212,20
7212,301
7214,128
7214,169
7218,20
7218,301
7219,301
7220,301
7221,301
7224,301
7225,169
7226,20
7226,301
7227,20
7229,301
7230,79
7231,20
7232,264
7233,128
7233,169
7236,128
7236,169
7237,128
7237,169
7238,301
7240,264
7241,264
7242,264
7246,264
7248,79
7250,264
7251,264
7254,20
7255,20
7256,20
7258,128
7258,169
7259,128
7259,169
7260,169
7264,301
7265,20
7265,169
7265,301
7266,128
7266,169
7267,169
7268,20
7269,20
7270,20
7270,301
7271,301
7272,301
7274,20
7274,301
7275,170
7276,79
7277,79
7278,79
7280,264
7282,20
7282,301
7283,20
7283,301
7284,301
7287,128
7287,169
7289,128
7289,169
7290,128
7290,169
7291,128
7291,169
7292,169
7294,20
7295,20
7296,411
7296,462
7297,36
7297,40
7298,275
7301,275
7301,312
7304,411
7304,431
7305,36
7309,275
7309,312
7310,411
7310,431
7311,431
7312,40
7313,275
7313,312
7314,275
7314,312
7315,36
7318,221
7318,312
7321,40
7323,312
7324,177
7325,275
7326,275
7328,275
7328,312
7329,275
7329,312
7330,275
7330,312
7331,312
7333,177
7335,275
7335,312
7336,312
7337,275
7337,312
7338,275
7338,312
7339,221
7340,312
7341,221
7341,312
7342,411
7342,462
7343,312
7344,411
7345,411
7346,462
7347,221
7347,312
7348,221
7348,312
7350,312
7351,312
7352,275
7353,275
7354,431
7356,431
7358,36
7359,36
7360,411
7360,431
7360,459
7362,275
7363,275
7363,312
7365,275
7365,312
7367,275
7369,275
7369,312
7370,411
7370,431
7370,459
7370,462
7373,221
7373,312
7375,431
7377,312
7378,312
7379,36
7380,411
7381,436
7381,459
7382,275
7384,431
7386,221
7386,312
7387,413
7387,436
7387,462
7389,411
7389,431
7390,275
7392,312
7395,36
7395,40
7400,221
7400,312
7402,312
7404,411
7404,431
7404,436
7404,459
7404,462
7405,221
7405,312
7407,275
7409,40
7410,275
7414,221
7414,312
7415,275
7416,275
7417,312
7418,312
7420,411
7420,431
7421,431
7422,411
7422,431
7423,36
7423,40
7427,312
7428,275
7429,275
7429,312
7430,312
7431,221
7431,312
7432,275
7433,275
7433,312
7435,221
7437,312
7441,312
7443,411
7444,275
7445,411
7446,411
7447,411
7447,431
7448,411
7448,431
7449,411
7449,431
7450,431
7451,221
7451,312
7452,221
7452,312
7453,221
7453,312
7454,312
7455,312
7456,312
7462,411
7463,177
7464,311
7464,431
7465,436
7465,459
7490,23
7490,160
7491,180
7492,180
7493,23
7493,72
7493,180
7494,23
7494,180
7495,180
7496,23
7497,180
7498,180
7499,23
7499,62
7499,75
7499,273
7500,180
7501,160
7501,344
7502,23
7502,62
7502,72
7502,75
7503,23
7503,72
7503,180
7504,72
7505,23
7506,160
7506,344
7507,23
7508,23
7508,62
7508,75
7508,273
7509,23
7509,72
7509,180
7510,23
7510,180
7511,72
7513,180
7514,180
7515,180
7516,23
7516,72
7516,180
7517,23
7517,180
7518,23
7518,62
7518,72
7518,75
7518,273
7519,160
7519,344
7520,23
7520,72
7521,23
7521,32
7521,62
7521,75
7521,273
7522,23
7522,180
7523,23
7523,62
7523,273
7524,72
7524,180
7525,180
7526,23
7526,62
7526,75
7526,273
7527,180
7528,23
7528,180
7529,180
7530,72
7530,180
7531,72
7531,180
7532,180
7533,23
7533,72
7534,23
7534,72
7535,72
7535,180
7536,180
7537,72
7537,180
7538,172
7538,273
7538,412
7539,180
7540,23
7540,62
7540,273
7541,23
7541,72
7541,75
7542,72
7542,180
7543,160
7543,180
7544,23
7544,72
7544,180
7545,180
7546,180
7547,172
7547,273
7547,412
7548,23
7548,72
7549,23
7549,72
7550,180
7551,62
7551,273
7551,412
7552,23
7552,62
7552,273
7553,23
7553,160
7554,23
7554,62
7554,273
7555,23
7556,23
7556,62
7556,75
7556,273
7557,23
7557,62
7557,273
7558,23
7558,62
7558,273
7559,23
7560,4
7560,160
7560,180
7560,344
7561,23
7561,72
7561,180
7562,180
7563,180
7564,180
7565,180
7566,23
7566,72
7566,180
7567,160
7567,180
7568,160
7568,180
7569,23
7569,273
7570,23
7570,273
7571,180
7572,23
7572,62
7572,273
7573,23
7573,180
7574,23
7574,180
7575,160
7575,180
7575,344
7576,103
7576,160
7576,344
7577,72
7578,72
7579,23
7580,180
7581,62
7581,273
7581,412
7582,23
7582,72
7582,180
7583,180
7584,214
7584,308
7584,347
7585,428
7585,451
7585,454
7586,214
7586,308
7586,347
7587,214
7587,280
7587,308
7587,347
7588,180
7589,214
7589,280
7589,308
7589,347
7590,214
7590,280
7590,287
7590,308
7590,347
7591,214
7591,280
7591,287
7591,308
7591,347
7592,214
7592,280
7592,308
7592,347
7593,214
7593,308
7593,347
7594,214
7594,280
7594,308
7594,347
7594,428
7594,454
7595,214
7595,280
7595,308
7595,347
7596,214
7596,280
7596,308
7596,347
7596,428
7596,454
7597,308
7598,451
7599,214
7599,280
7599,287
7599,308
7599,347
7600,214
7600,280
7600,308
7600,347
7602,214
7602,280
7602,287
7602,308
7602,347
7603,214
7603,280
7603,308
7603,347
7603,428
7603,454
7604,214
7604,280
7604,308
7604,347
7605,428
7605,451
7605,454
7607,214
7607,280
7607,308
7607,347
7608,428
7608,451
7608,454
7609,214
7609,280
7609,308
7609,347
7610,406
7611,214
7611,280
7611,308
7611,347
7612,214
7612,308
7615,214
7615,280
7615,287
7615,308
7615,347
7616,214
7616,280
7616,287
7616,308
7616,347
7617,214
7617,280
7617,308
7617,347
7618,180
7620,451
7621,451
7622,214
7622,280
7622,308
7622,428
7622,454
7623,214
7623,280
7623,308
7623,347
7624,214
7624,280
7624,308
7624,347
7625,214
7625,280
7625,308
7625,347
7626,428
7626,451
7626,454
7628,214
7628,280
7628,287
7628,308
7628,347
7629,428
7629,451
7629,454
7630,308
7631,308
7632,308
7633,428
7633,451
7633,454
7634,428
7634,451
7634,454
7635,214
7635,280
7635,308
7635,347
7635,428
7635,454
7636,308
7636,347
7637,428
7637,451
7637,454
7638,214
7638,280
7638,308
7638,347
7639,428
7639,451
7639,454
7640,206
7641,409
7642,133
7642,167
7643,358
7643,441
7644,206
7646,304
7647,133
7647,167
7648,167
7649,159
7651,409
7653,304
7656,409
7657,409
7658,304
7662,133
7662,167
7663,133
7663,358
7664,358
7665,159
7666,206
7667,358
7668,409
7669,206
7670,409
7672,133
7672,358
7673,409
7674,409
7675,206
7680,409
7684,206
7688,206
7689,409
7690,409
7692,409
7693,167
7694,159
7695,304
7697,304
7702,304
7703,133
7703,167
7706,206
7707,206
7708,409
7709,304
7710,409
7714,133
7714,167
7715,409
7716,358
7717,409
7718,133
7718,167
7719,409
7720,133
7720,167
7721,133
7721,167
7722,133
7722,167
7723,358
7723,409
7724,409
7725,167
7727,304
7729,206
7730,167
7731,358
7732,358
7734,409
7736,409
7737,409
7739,159
7741,304
7742,304
7743,133
7743,167
7744,133
7744,167
7745,133
7745,167
7746,133
7746,167
7747,409
7749,409
7750,409
7751,409
7752,409
7754,304
7755,206
7756,206
7757,206
7759,206
7760,409
7761,206
7785,159
7791,241
7796,241
7799,241
7801,159
7802,159
7822,159
7823,159
7824,241
7828,241
7829,241
7835,241
7836,241
7838,241
7839,241
7842,241
7843,241
7844,241
7854,159
7855,159
7856,159
7858,159
7861,241
7863,159
7865,241
7868,159
7869,159
7870,159
7871,159
7874,241
7875,241
7876,241
7877,241
7878,241
7879,241
7880,241
7881,241
7882,241
7883,241
7884,241
7887,241
7888,241
7889,241
7890,241
7891,241
7892,241
7893,241
7894,241
7895,241
7896,241
7900,159
7902,241
7903,241
7904,241
7905,241
7906,241
7907,241
7910,159
7911,241
7912,241
7913,241
7914,241
7915,241
7916,241
7917,241
7918,241
7919,241
7920,241
7921,241
7922,241
7923,241
7924,241
7925,241
7926,241
7927,241
7928,241
7929,241
7930,241
7931,241
7932,241
7933,241
7934,241
7935,241
7936,241
7937,241
7938,241
7939,241
7940,241
7941,241
7942,241
7943,241
7944,241
7945,241
7946,241
7947,241
7948,241
7949,241
7950,241
7951,241
7952,241
7953,241
7954,241
7955,241
7956,241
7975,241
7976,241
7977,241
7978,241
7979,241
7980,241
7982,241
7984,241
7985,241
7986,241
8099,241
8100,241
8101,241
8102,241
8236,159
8237,159
8242,21
8242,76
8242,114
8242,129
8247,21
8247,76
8247,114
8247,129
8248,21
8248,114
8248,129
8249,129
8255,72
8256,21
8256,114
8256,129
8257,21
8257,114
8257,129
8259,21
8259,114
8259,129
8260,21
8260,114
8260,129
8264,72
8265,72
8266,72
8268,21
8268,76
8268,114
8268,129
8271,21
8271,72
8271,114
8272,21
8272,114
8272,129
8273,21
8273,72
8273,114
8274,21
8274,114
8274,129
8275,21
8275,114
8275,129
8276,21
8276,129
8277,21
8277,76
8277,114
8277,129
8278,21
8278,114
8278,129
8280,21
8280,75
8280,76
8280,114
8281,21
8281,114
8281,129
8284,21
8284,76
8284,114
8284,129
8285,21
8285,76
8285,114
8285,129
8286,72
8287,21
8287,114
8287,129
8288,21
8288,48
8288,76
8288,114
8288,129
8293,21
8293,114
8293,129
8296,140
8297,21
8297,76
8297,114
8297,129
8298,21
8298,48
8298,75
8298,76
8298,114
8299,21
8299,75
8299,76
8299,114
8299,129
8300,21
8300,75
8300,76
8300,114
8301,21
8301,114
8301,129
8302,21
8303,21
8304,21
8304,114
8304,129
8305,72
8307,129
8316,21
8316,114
8316,129
8317,21
8318,21
8320,72
8337,21
8337,75
8337,114
8338,21
8338,48
8338,76
8338,114
8338,129
8339,21
8339,48
8339,76
8339,114
8339,129
8340,21
8340,114
8340,129
8346,72
8350,21
8350,48
8350,75
8350,76
8350,114
8352,21
8352,114
8352,129
8354,9
8355,9
8355,140
8355,384
8356,140
8356,287
8360,201
8361,9
8361,287
8362,9
8362,140
8363,9
8363,140
8364,9
8364,140
8365,201
8366,9
8366,140
8366,384
8367,201
8370,45
8371,45
8372,45
8373,384
8374,201
8374,287
8380,201
8382,214
8382,287
8382,308
8382,347
8383,9
8383,45
8383,140
8383,384
8386,308
8387,308
8388,9
8388,140
8388,384
8390,140
8391,140
8393,201
8393,287
8394,201
8394,287
8395,45
8396,201
8396,287
8397,140
8398,45
8398,140
8399,287
8399,347
8401,45
8401,140
8402,140
8403,201
8405,201
8408,140
8409,140
8410,201
8411,9
8411,140
8411,384
8412,201
8413,287
8414,201
8416,140
8417,45
8417,140
8417,384
8418,9
8418,45
8418,140
8418,384
8419,9
8419,384
8420,287
8420,347
8421,140
8423,9
8423,140
8424,201
8424,287
8425,45
8425,140
8426,287
8429,201
8430,308
8432,201
8432,287
8433,201
8433,287
8434,140
8435,201
8436,287
8437,9
8437,384
8438,201
8438,287
8439,201
8440,201
8442,9
8442,140
8443,140
8444,201
8444,287
8445,201
8445,287
8446,140
8447,9
8447,384
8449,45
8449,140
8450,45
8451,140
8451,287
8452,9
8452,287
8453,140
8454,9
8454,140
8455,287
8456,287
8456,347
8457,9
8457,384
8458,287
8459,201
8462,9
8462,45
8462,140
8462,384
8463,9
8463,45
8463,384
8464,201
8464,287
8465,201
8466,201
8466,287
8467,9
8467,384
8468,9
8468,384
8469,9
8469,45
8469,140
8469,384
8470,9
8470,384
8471,287
8471,347
8472,45
8473,140
8474,140
8475,140
8477,201
8479,9
8479,140
8480,214
8480,287
8480,308
8480,347
8481,9
8481,140
8484,140
8485,21
8485,76
8485,114
8485,129
8486,21
8486,76
8486,114
8486,129
8487,9
8487,140
8487,384
8489,201
8489,287
8491,9
8491,140
8492,140
8494,9
8494,140
8495,287
8498,45
8499,45
8500,287
8500,347
8501,201
8501,287
8503,201
8503,287
8503,347
8504,287
8505,287
8505,347
8506,9
8506,140
8507,9
8507,140
8508,9
8508,140
8509,9
8510,9
8510,140
8510,384
8512,9
8512,140
8513,140
8514,45
8515,201
8518,201
8518,287
8520,9
8520,384
8521,287
8521,347
8522,9
8522,140
8523,140
8523,287
8525,140
8527,308
8528,287
8528,347
8529,140
8530,201
8530,287
8530,347
8531,201
8531,287
8531,347
8532,287
8532,347
8533,9
8533,384
8534,9
8534,384
8535,9
8535,384
8536,9
8536,384
8537,9
8537,384
8538,201
8538,287
8539,201
8540,201
8541,201
8542,201
8543,201
8544,45
8548,140
8549,140
8550,140
8551,140
8552,140
8554,140
8555,287
8556,45
8556,140
8557,140
8558,9
8558,140
8559,9
8559,140
8560,9
8560,140
8561,140
8561,287
8562,140
8563,287
8564,287
8565,9
8565,45
8565,140
8565,384
8566,9
8566,140
8567,9
8568,9
8569,9
8570,9
8570,287
8571,9
8571,287
8572,287
8573,287
8574,287
8575,287
8576,9
8576,140
8576,287
8577,287
8578,201
8578,287
8578,347
8579,201
8579,287
8579,347
8580,9
8580,384
8581,9
8581,140
8581,384
8582,9
8582,384
8583,201
8584,201
8584,287
8585,201
8585,287
8591,287
8592,287
8593,9
8594,287
8598,9
8598,384
8599,201
8600,201
8601,45
8602,45
8607,140
8608,140
8609,140
8610,45
8611,140
8612,140
8613,140
8614,140
8615,140
8616,140
8618,140
8621,9
8621,140
8622,9
8622,45
8622,140
8622,384
8623,140
8624,9
8624,140
8625,201
8625,287
8626,201
8626,287
8627,287
8628,9
8628,140
8629,9
8629,140
8630,9
8630,140
8631,9
8631,140
8632,9
8633,9
8633,140
8633,384
8634,9
8634,140
8634,384
8635,201
8638,201
8639,201
8643,140
8644,9
8644,140
8645,201
8645,214
8645,280
8645,287
8645,347
8646,9
8646,140
8647,9
8647,140
8648,140
8649,214
8649,287
8649,308
8649,347
8650,214
8650,280
8650,287
8650,308
8650,347
8651,214
8651,280
8651,287
8651,308
8651,347
8652,214
8652,280
8652,287
8652,308
8652,347
8653,214
8653,280
8653,287
8653,308
8653,347
8654,201
8654,214
8654,280
8654,287
8654,347
8655,214
8655,287
8655,308
8655,347
8656,214
8656,280
8656,287
8656,308
8656,347
8657,214
8657,280
8657,287
8657,308
8657,347
8658,214
8658,280
8658,287
8658,308
8658,347
8659,214
8659,280
8659,287
8659,308
8659,347
8660,214
8660,280
8660,287
8660,308
8660,347
8661,214
8661,280
8661,287
8661,308
8661,347
8662,214
8662,280
8662,287
8662,308
8662,347
8663,214
8663,280
8663,287
8663,308
8663,347
8664,214
8664,280
8664,287
8664,308
8664,347
8665,214
8665,280
8665,287
8665,308
8665,347
8666,214
8666,280
8666,287
8666,308
8666,347
8667,214
8667,280
8667,287
8667,308
8667,347
8668,140
8669,140
8670,214
8670,280
8670,287
8670,308
8670,347
8671,214
8671,280
8671,287
8671,308
8671,347
8672,214
8672,280
8672,287
8672,308
8672,347
8673,214
8673,280
8673,287
8673,308
8673,347
8674,214
8674,280
8674,287
8674,308
8674,347
8675,214
8675,280
8675,287
8675,308
8675,347
8676,287
8677,287
8678,287
8679,214
8679,280
8679,287
8679,347
8680,214
8680,280
8680,287
8680,308
8680,347
8681,201
8681,214
8681,280
8681,287
8681,347
8682,214
8682,280
8682,287
8682,308
8682,347
8683,214
8683,280
8683,287
8683,308
8683,347
8684,214
8684,287
8684,308
8684,347
8685,214
8685,280
8685,287
8685,308
8685,347
8686,214
8686,280
8686,287
8686,308
8686,347
8688,214
8688,287
8688,308
8688,347
8689,214
8689,287
8689,347
8690,214
8690,287
8690,347
8691,214
8691,287
8691,308
8691,347
8692,214
8692,287
8692,308
8692,347
8693,214
8693,280
8693,287
8693,347
8694,214
8694,280
8694,287
8694,347
8695,214
8695,287
8695,347
8696,214
8696,287
8696,347
8697,214
8697,287
8697,347
8698,214
8698,280
8698,287
8698,308
8698,347
8699,201
8699,214
8699,280
8699,287
8699,347
8700,287
8700,347
8701,287
8701,347
8702,214
8702,287
8702,347
8703,214
8703,280
8703,287
8703,347
8704,214
8704,280
8704,287
8704,347
8705,214
8705,280
8705,287
8705,308
8705,347
8706,214
8706,280
8706,287
8706,308
8706,347
8707,201
8707,214
8707,280
8707,287
8707,347
8708,214
8708,280
8708,287
8708,347
8709,201
8709,214
8709,280
8709,287
8709,347
8710,201
8710,214
8710,280
8710,287
8710,347
8711,201
8711,214
8711,280
8711,287
8711,347
8712,201
8712,214
8712,280
8712,287
8712,347
8713,214
8713,280
8713,287
8713,308
8713,347
8714,201
8714,280
8714,287
8714,347
8715,201
8715,214
8715,280
8715,287
8715,347
8719,308
8719,347
8720,308
8721,287
8722,287
8722,347
8723,201
8723,214
8723,280
8723,287
8723,347
8724,287
8725,9
8725,140
8726,287
8727,9
8727,45
8727,384
8728,201
8728,214
8728,280
8728,287
8728,347
8729,201
8729,214
8729,280
8729,287
8729,347
8730,201
8730,287
8731,140
8733,9
8733,140
8734,201
8734,280
8734,287
8734,347
8735,140
8736,45
8736,140
8737,45
8737,140
8738,201
8738,287
8738,347
8740,201
8740,287
8740,347
8741,228
8742,193
8742,358
8742,415
8742,441
8743,120
8743,126
8744,358
8744,441
8745,11
8745,351
8746,193
8746,415
8747,415
8748,415
8749,193
8749,415
8749,441
8750,441
8751,69
8752,69
8753,193
8753,415
8753,441
8754,228
8757,415
8758,193
8758,415
8759,193
8759,415
8762,415
8764,120
8766,69
8766,120
8768,193
8768,415
8769,193
8769,415
8770,193
8770,415
8771,441
8772,193
8772,358
8772,415
8772,441
8773,193
8773,358
8773,415
8773,441
8774,193
8774,415
8775,358
8775,441
8777,228
8778,228
8779,193
8779,415
8780,201
8780,441
8781,193
8781,415
8781,441
8783,69
8783,228
8784,69
8785,193
8785,415
8785,441
8786,193
8786,415
8786,441
8788,69
8789,441
8790,228
8791,358
8791,441
8792,193
8792,358
8792,415
8792,441
8793,441
8794,358
8794,441
8795,193
8795,358
8795,415
8795,441
8796,193
8796,415
8796,441
8797,120
8798,69
8798,228
8799,69
8799,228
8800,201
8800,358
8800,441
8801,193
8801,415
8801,441
8802,228
8803,358
8803,441
8804,228
8805,228
8806,228
8807,201
8808,228
8810,193
8810,415
8811,415
8813,201
8813,441
8814,441
8815,193
8815,358
8815,415
8815,441
8816,193
8816,415
8816,441
8817,69
8817,120
8818,228
8820,441
8821,193
8821,415
8821,441
8824,228
8826,69
8828,441
8829,69
8829,120
8830,69
8830,120
8831,358
8831,441
8833,11
8833,351
8835,193
8835,415
8836,193
8836,415
8837,193
8837,415
8837,441
8838,69
8838,120
8839,193
8839,358
8839,415
8839,441
8842,120
8842,126
8843,358
8843,441
8844,358
8844,441
8845,441
8846,441
8848,193
8848,415
8848,441
8849,193
8849,415
8850,193
8850,415
8853,69
8853,228
8854,69
8855,11
8855,142
8855,351
8856,11
8856,351
8857,11
8857,351
8858,441
8859,228
8860,228
8861,441
8862,69
8862,228
8863,69
8864,120
8865,228
8866,69
8867,69
8867,120
8868,228
8870,69
8871,69
8871,120
