property_id,gym_id
7,115
7,197
7,334
9,235
9,302
9,349
10,235
10,302
10,349
11,115
11,197
11,334
15,302
16,302
18,302
21,123
21,141
21,164
22,123
22,141
22,267
22,343
23,302
28,123
28,141
28,164
31,123
31,141
31,164
32,123
32,141
32,164
33,115
33,151
33,197
33,334
35,302
37,302
40,123
40,141
40,164
42,197
46,123
46,141
46,164
50,197
55,302
56,302
57,302
58,302
59,302
62,302
65,197
66,115
66,197
68,115
68,197
72,302
73,302
74,302
75,302
76,302
77,302
78,302
80,115
80,197
80,334
81,302
83,302
86,302
100,235
100,349
106,302
107,115
107,197
107,334
345,291
345,347
415,144
421,277
441,225
445,225
449,225
464,227
465,225
471,16
472,225
473,225
474,225
483,225
483,274
490,223
491,223
494,223
496,223
497,223
585,223
602,223
647,223
651,223
673,223
674,223
684,223
746,223
749,223
785,223
790,223
815,170
816,170
817,170
964,1
964,23
964,25
964,77
964,89
964,92
964,94
964,142
964,199
964,203
964,234
965,1
965,25
965,77
965,89
965,94
965,199
965,203
965,234
966,1
966,43
966,253
967,23
967,50
967,92
967,94
967,110
967,142
967,203
967,231
967,234
968,1
969,1
969,25
969,77
969,89
969,94
969,199
969,203
969,234
970,1
970,25
970,89
970,234
971,1
973,134
973,261
977,133
980,40
980,134
980,261
981,134
981,261
982,134
982,261
983,2
983,40
983,54
983,60
984,45
985,40
985,134
985,261
986,134
986,261
987,134
987,261
988,45
991,40
991,134
991,261
992,133
992,231
993,231
994,134
994,261
996,2
996,54
996,60
997,40
997,134
997,261
998,40
999,231
1000,231
1001,134
1001,261
1002,45
1003,134
1003,261
1004,134
1004,261
1006,134
1006,261
1007,134
1007,261
1008,134
1008,261
1009,134
1009,261
1013,134
1013,261
1016,134
1016,261
1017,134
1017,261
1018,134
1018,261
1019,231
1021,134
1021,261
1022,45
1023,45
1024,45
1025,45
1026,134
1026,261
1027,134
1027,261
1029,134
1029,261
1030,45
1031,134
1031,261
1032,45
1033,134
1033,261
1035,134
1035,261
1036,40
1036,134
1036,261
1038,134
1038,261
1039,40
1039,134
1039,261
1041,133
1043,40
1043,54
1043,261
1045,40
1045,134
1045,261
1046,45
1047,231
1048,134
1048,261
1049,133
1050,45
1051,134
1051,261
1052,134
1052,261
1053,134
1053,261
1054,133
1055,45
1056,2
1056,40
1056,54
1057,45
1058,231
1060,231
1061,45
1062,2
1062,40
1062,54
1062,60
1063,231
1064,45
1066,134
1066,261
1067,134
1067,261
1068,45
1069,134
1069,261
1070,45
1071,40
1071,134
1071,261
1072,40
1072,134
1072,261
1073,2
1073,40
1073,54
1073,60
1074,110
1074,231
1076,110
1076,231
1078,2
1078,54
1078,60
1079,40
1079,134
1079,261
1080,40
1080,134
1080,261
1082,134
1082,261
1083,2
1083,40
1083,54
1083,60
1084,45
1086,231
1087,2
1087,40
1087,54
1088,231
1089,134
1089,261
1090,134
1090,261
1094,110
1094,231
1095,134
1095,231
1095,261
1096,45
1100,110
1100,231
1101,231
1102,134
1102,261
1104,134
1104,261
1105,134
1105,261
1106,134
1106,261
1107,231
1108,45
1109,40
1109,134
1109,261
1111,23
1111,50
1111,110
1111,231
1112,40
1112,134
1112,261
1113,40
1113,134
1113,261
1114,231
1115,134
1115,261
1116,40
1116,134
1116,261
1117,45
1118,45
1119,45
1120,45
1121,45
1122,45
1123,2
1123,40
1123,54
1123,60
1126,134
1126,261
1127,134
1127,261
1128,134
1128,261
1129,134
1129,261
1130,2
1130,40
1130,54
1130,60
1132,2
1132,40
1132,54
1133,40
1133,134
1133,261
1134,110
1134,231
1135,134
1135,261
1136,134
1136,261
1137,134
1137,261
1138,134
1138,261
1139,2
1139,40
1139,54
1139,60
1141,133
1142,133
1143,133
1144,133
1145,134
1145,261
1146,110
1146,231
1147,231
1148,110
1148,231
1149,231
1150,231
1151,231
1152,134
1152,261
1153,134
1153,261
1154,134
1154,261
1155,134
1155,261
1156,134
1156,261
1157,134
1157,261
1158,134
1158,261
1159,134
1159,261
1160,40
1160,134
1160,261
1161,17
1161,54
1162,23
1162,50
1162,94
1162,110
1162,231
1163,110
1163,231
1164,231
1165,40
1165,134
1165,261
1166,40
1166,134
1166,261
1167,40
1167,134
1167,261
1168,40
1168,134
1168,261
1169,40
1169,54
1169,134
1169,261
1170,40
1170,54
1170,134
1170,261
1171,231
1172,134
1172,261
1173,40
1173,54
1174,40
1174,54
1175,2
1175,40
1175,54
1175,60
1176,231
1181,45
1182,45
1186,45
1189,45
1190,45
1191,133
1192,134
1192,261
1193,17
1193,54
1194,134
1194,231
1194,261
1195,134
1195,261
1198,231
1199,133
1199,231
1200,231
1201,134
1201,261
1202,134
1202,261
1203,17
1203,40
1204,231
1205,40
1205,54
1205,261
1206,40
1206,134
1206,261
1207,40
1207,54
1207,134
1207,261
1208,17
1208,40
1208,54
1209,134
1209,261
1210,134
1210,261
1211,231
1213,134
1213,261
1214,134
1214,261
1215,134
1215,261
1216,40
1217,40
1218,2
1218,40
1218,54
1219,2
1219,54
1219,60
1222,45
1225,45
1226,231
1227,231
1228,231
1229,231
1232,45
1233,45
1235,45
1236,45
1237,134
1237,261
1238,2
1238,40
1238,54
1239,45
1240,134
1240,261
1241,40
1241,134
1241,261
1244,134
1244,261
1245,40
1245,54
1246,40
1246,54
1247,2
1247,40
1247,54
1249,2
1249,40
1249,54
1250,40
1250,54
1251,134
1251,261
1254,134
1254,261
1256,40
1256,134
1256,261
1257,40
1257,134
1257,261
1258,17
1258,40
1260,45
1262,231
1263,40
1263,134
1263,261
1264,40
1264,134
1264,261
1265,40
1265,134
1265,261
1266,45
1267,17
1267,40
1267,261
1268,17
1268,40
1268,261
1269,2
1269,40
1269,54
1269,60
1275,134
1275,261
1276,45
1277,133
1278,17
1278,40
1278,134
1278,261
1279,2
1279,40
1279,54
1279,60
1280,134
1280,261
1281,2
1281,40
1281,54
1281,60
1284,45
1285,45
1287,40
1288,45
1290,40
1290,54
1291,45
1293,231
1294,231
1295,217
1296,217
1297,217
1298,312
1299,312
1300,119
1301,38
1302,38
1302,312
1303,38
1304,312
1305,38
1306,38
1307,106
1307,119
1307,199
1308,217
1309,119
1310,106
1310,119
1310,199
1313,119
1315,312
1316,119
1319,312
1320,136
1321,38
1322,38
1323,38
1324,38
1325,217
1326,38
1326,312
1327,1
1327,25
1327,77
1327,89
1327,106
1327,119
1327,199
1328,38
1330,312
1331,217
1332,217
1333,106
1333,119
1333,199
1334,38
1335,38
1336,38
1337,38
1337,312
1338,38
1339,38
1340,312
1342,38
1343,38
1343,312
1344,38
1344,312
1345,38
1345,312
1347,38
1348,38
1348,312
1349,312
1351,38
1353,38
1354,38
1355,38
1355,312
1356,38
1356,312
1357,312
1358,136
1358,217
1359,136
1360,38
1363,38
1363,312
1365,1
1365,25
1365,89
1365,106
1365,199
1366,1
1366,25
1366,89
1366,199
1367,38
1368,1
1368,89
1368,106
1368,119
1368,199
1370,38
1372,38
1373,38
1373,312
1374,38
1374,312
1378,38
1380,38
1380,312
1381,38
1382,1
1382,25
1382,77
1382,89
1382,106
1382,119
1382,199
1384,38
1384,312
1386,136
1387,312
1389,38
1390,38
1391,38
1392,38
1394,38
1395,217
1396,38
1397,38
1398,136
1398,217
1399,217
1400,38
1400,312
1401,106
1401,119
1401,199
1402,38
1403,312
1404,38
1404,312
1405,38
1406,1
1406,25
1406,77
1406,89
1406,106
1406,119
1406,199
1407,38
1408,312
1410,312
1411,38
1411,312
1412,312
1413,1
1413,106
1413,119
1413,199
1414,38
1414,312
1415,312
1416,38
1416,312
1417,312
1422,38
1422,312
1424,38
1425,38
1426,312
1427,312
1429,38
1431,1
1431,106
1431,119
1431,199
1432,312
1433,312
1435,38
1436,38
1436,312
1437,38
1437,312
1438,38
1438,312
1439,38
1439,312
1442,1
1442,25
1442,77
1442,89
1442,106
1442,119
1442,199
1443,1
1443,25
1443,77
1443,89
1443,106
1443,119
1443,199
1444,1
1445,1
1445,89
1445,106
1445,119
1445,199
1446,312
1447,312
1448,312
1452,38
1453,38
1453,312
1454,38
1454,312
1455,38
1455,312
1457,38
1458,38
1459,38
1460,38
1461,38
1461,312
1462,38
1462,312
1467,136
1467,217
1468,217
1469,38
1470,217
1471,38
1472,38
1474,136
1475,312
1476,38
1477,38
1479,119
1482,119
1482,312
1484,38
1485,38
1486,38
1487,38
1487,312
1488,38
1489,38
1490,217
1491,217
1492,217
1495,38
1495,312
1497,136
1498,312
1500,38
1501,312
1502,38
1502,312
1503,1
1504,38
1505,312
1506,38
1506,312
1507,1
1507,106
1507,119
1507,199
1508,1
1508,106
1508,119
1508,199
1509,1
1509,106
1509,119
1509,199
1510,38
1511,38
1511,312
1513,106
1513,119
1513,199
1514,106
1514,119
1514,199
1516,1
1516,25
1516,77
1516,89
1516,106
1516,119
1516,199
1517,1
1517,25
1517,77
1517,89
1517,106
1517,119
1517,199
1520,312
1521,312
1522,312
1523,312
1524,312
1525,312
1526,312
1527,312
1528,312
1529,312
1530,312
1531,44
1532,26
1532,51
1532,73
1532,145
1532,211
1532,232
1532,288
1533,14
1533,15
1534,26
1534,51
1534,53
1534,73
1534,145
1534,232
1534,288
1535,26
1535,51
1535,53
1535,145
1535,232
1536,26
1536,51
1536,53
1536,145
1536,232
1537,15
1537,26
1537,53
1537,145
1538,15
1538,26
1538,53
1538,145
1539,15
1540,15
1541,15
1542,44
1545,12
1545,110
1546,3
1546,213
1547,26
1547,51
1547,73
1547,135
1547,211
1547,232
1547,288
1548,12
1549,133
1549,152
1550,51
1550,73
1550,135
1550,211
1550,232
1550,288
1551,26
1551,51
1551,53
1551,145
1551,232
1556,15
1556,26
1556,53
1556,145
1557,26
1557,51
1557,73
1557,145
1557,211
1557,232
1557,288
1558,44
1559,44
1560,3
1560,213
1561,12
1563,26
1563,51
1563,53
1563,145
1563,232
1564,26
1564,51
1564,73
1564,135
1564,211
1564,232
1564,288
1565,26
1565,51
1565,73
1565,135
1565,211
1565,232
1565,288
1566,26
1566,51
1566,73
1566,135
1566,211
1566,232
1566,288
1567,26
1567,51
1567,145
1567,232
1568,145
1570,73
1570,135
1570,211
1570,288
1571,73
1571,135
1571,211
1571,288
1572,12
1572,133
1574,12
1575,15
1577,26
1577,51
1577,53
1577,145
1577,232
1578,15
1579,44
1580,15
1580,26
1580,53
1580,145
1584,53
1585,53
1586,213
1587,145
1588,12
1588,44
1588,51
1588,73
1588,232
1588,288
1589,4
1589,24
1590,12
1590,73
1590,288
1592,12
1593,26
1593,44
1593,51
1593,53
1593,73
1593,145
1593,232
1594,133
1595,26
1595,145
1596,26
1596,44
1596,51
1596,73
1596,232
1596,288
1597,44
1597,51
1597,53
1598,51
1598,73
1598,135
1598,211
1598,232
1598,288
1599,213
1600,53
1601,15
1601,145
1602,12
1602,73
1602,135
1602,288
1603,44
1603,51
1604,213
1605,44
1605,51
1606,14
1606,15
1607,14
1607,15
1608,26
1608,44
1608,51
1608,53
1608,73
1608,145
1608,232
1608,288
1611,26
1611,51
1611,73
1611,135
1611,211
1611,232
1611,288
1612,12
1612,73
1612,135
1612,288
1614,44
1614,51
1614,73
1614,232
1614,288
1617,15
1617,26
1617,53
1617,145
1618,26
1618,51
1618,53
1618,73
1618,145
1618,232
1618,288
1619,44
1619,53
1620,4
1620,24
1621,26
1621,51
1621,73
1621,145
1621,232
1621,288
1622,73
1622,135
1622,211
1622,288
1623,44
1624,15
1626,12
1626,44
1626,73
1627,15
1627,26
1627,53
1627,145
1628,15
1628,26
1628,53
1628,145
1629,15
1629,26
1629,53
1629,145
1632,15
1633,15
1633,53
1633,145
1635,12
1635,44
1636,26
1636,44
1636,51
1636,73
1636,232
1636,288
1637,44
1638,133
1639,15
1640,26
1640,51
1640,73
1640,145
1640,211
1640,232
1640,288
1641,15
1641,53
1641,145
1642,44
1642,51
1642,73
1642,232
1643,15
1643,53
1644,211
1645,73
1645,135
1645,211
1645,288
1647,12
1647,44
1647,51
1647,73
1647,288
1648,26
1648,145
1648,211
1648,232
1649,12
1649,44
1649,51
1649,73
1649,288
1650,44
1650,53
1653,26
1653,51
1653,145
1653,232
1654,44
1655,51
1655,73
1655,135
1655,211
1655,232
1655,288
1657,3
1657,213
1658,4
1658,14
1658,15
1658,24
1659,12
1659,73
1659,135
1659,288
1660,26
1660,53
1660,145
1661,145
1662,15
1662,26
1662,53
1662,145
1666,26
1666,51
1666,53
1666,145
1666,232
1667,15
1667,26
1667,53
1667,145
1669,12
1670,26
1670,51
1670,53
1670,145
1670,232
1671,15
1672,51
1672,73
1672,135
1672,211
1672,232
1672,288
1673,15
1674,26
1674,51
1674,53
1674,73
1674,145
1674,232
1674,288
1675,26
1675,51
1675,73
1675,135
1675,211
1675,232
1675,288
1676,26
1676,51
1676,53
1676,145
1676,232
1677,4
1677,14
1677,15
1677,24
1678,12
1679,26
1679,51
1679,53
1679,145
1679,232
1680,12
1680,133
1682,12
1682,44
1683,4
1683,24
1685,44
1685,51
1686,133
1687,44
1688,213
1689,213
1690,26
1690,44
1690,51
1690,73
1690,232
1691,15
1691,26
1691,53
1691,145
1693,12
1693,44
1693,51
1693,73
1693,232
1693,288
1694,26
1694,145
1694,211
1694,232
1695,213
1696,15
1696,53
1697,26
1697,51
1697,53
1697,73
1697,145
1697,232
1697,288
1698,26
1698,44
1698,51
1698,73
1698,232
1698,288
1700,15
1700,26
1700,53
1700,145
1701,12
1701,110
1702,15
1704,14
1704,15
1705,213
1706,213
1708,26
1708,51
1708,145
1708,211
1708,232
1708,288
1709,15
1709,145
1710,145
1713,213
1714,26
1714,145
1714,232
1715,26
1715,51
1715,145
1715,232
1716,4
1716,14
1716,24
1717,26
1717,145
1719,145
1720,145
1721,26
1721,51
1721,145
1721,232
1722,14
1722,15
1723,14
1723,15
1724,15
1724,53
1724,145
1725,73
1725,135
1725,211
1725,288
1726,3
1726,213
1726,258
1727,44
1728,211
1728,288
1729,26
1729,51
1729,73
1729,135
1729,211
1729,232
1729,288
1730,14
1730,15
1731,12
1731,44
1732,26
1732,51
1732,53
1732,145
1732,232
1733,44
1733,51
1733,53
1734,26
1734,211
1734,232
1735,26
1735,145
1736,26
1736,51
1736,53
1736,145
1736,232
1738,51
1738,73
1738,135
1738,211
1738,232
1738,288
1739,53
1744,3
1744,213
1746,14
1746,15
1747,44
1747,53
1749,44
1750,15
1750,53
1751,12
1751,44
1751,51
1751,73
1751,232
1751,288
1752,44
1753,44
1753,51
1754,15
1754,53
1755,15
1755,26
1755,53
1755,145
1756,44
1757,26
1757,51
1757,73
1757,145
1757,211
1757,232
1757,288
1759,26
1759,44
1759,51
1759,73
1759,232
1759,288
1760,26
1760,44
1760,51
1760,53
1760,145
1760,232
1761,133
1762,53
1763,26
1763,44
1763,51
1763,73
1763,232
1763,288
1764,15
1764,26
1764,53
1764,145
1765,53
1766,26
1766,51
1766,145
1766,232
1767,26
1767,145
1767,232
1768,15
1768,53
1769,53
1770,211
1771,44
1772,44
1773,133
1773,152
1774,15
1774,145
1775,44
1776,4
1776,14
1776,24
1777,14
1777,15
1778,15
1779,15
1784,12
1784,44
1784,51
1784,73
1784,288
1785,51
1785,73
1785,135
1785,211
1785,232
1785,288
1788,26
1788,51
1788,53
1788,145
1788,232
1788,288
1789,26
1789,51
1789,53
1789,73
1789,145
1789,232
1789,288
1790,26
1790,51
1790,73
1790,145
1790,232
1790,288
1791,12
1791,51
1791,73
1791,232
1791,288
1792,12
1792,44
1792,51
1792,73
1792,232
1792,288
1793,12
1795,44
1796,26
1796,44
1796,51
1796,73
1796,232
1796,288
1797,26
1797,44
1797,51
1797,53
1797,73
1797,232
1797,288
1798,26
1798,44
1798,51
1798,73
1798,232
1800,44
1801,15
1802,15
1803,12
1803,44
1803,51
1803,73
1803,232
1803,288
1806,26
1806,44
1806,51
1806,73
1806,232
1807,44
1807,51
1807,232
1808,26
1808,44
1808,51
1808,232
1809,26
1809,44
1809,51
1809,53
1809,145
1809,232
1810,26
1810,44
1810,51
1810,53
1810,145
1810,232
1811,26
1811,44
1811,51
1811,53
1811,145
1811,232
1812,26
1812,44
1812,51
1812,53
1812,145
1812,232
1813,26
1813,44
1813,51
1813,53
1813,145
1813,232
1814,44
1814,53
1815,53
1816,44
1816,53
1817,44
1817,53
1818,3
1818,213
1819,213
1820,26
1820,44
1820,51
1820,73
1820,232
1820,288
1821,51
1821,73
1821,232
1821,288
1822,26
1822,51
1822,53
1822,73
1822,145
1822,232
1822,288
1823,26
1823,51
1823,53
1823,145
1823,232
1823,288
1824,26
1824,51
1824,53
1824,145
1824,232
1824,288
1825,26
1825,145
1826,26
1826,53
1826,145
1827,15
1827,26
1827,53
1827,145
1828,15
1828,26
1828,53
1828,145
1829,26
1829,53
1829,145
1830,12
1830,51
1830,73
1830,135
1830,288
1831,12
1831,51
1831,73
1831,288
1832,12
1832,51
1832,73
1832,288
1833,12
1833,51
1833,73
1833,288
1834,12
1834,73
1834,135
1834,288
1835,12
1835,73
1835,135
1835,288
1836,26
1836,51
1836,73
1836,145
1836,211
1836,232
1836,288
1837,26
1837,51
1837,73
1837,145
1837,211
1837,232
1837,288
1838,26
1838,51
1838,73
1838,145
1838,211
1838,232
1838,288
1839,26
1839,51
1839,73
1839,145
1839,211
1839,232
1839,288
1840,26
1840,51
1840,73
1840,145
1840,211
1840,232
1840,288
1841,51
1841,73
1841,135
1841,211
1841,232
1841,288
1842,51
1842,73
1842,135
1842,211
1842,232
1842,288
1843,26
1843,145
1843,232
1844,26
1844,51
1844,145
1844,232
1845,26
1845,51
1845,145
1845,232
1846,26
1846,51
1846,145
1846,232
1847,12
1848,12
1849,12
1850,12
1853,12
1854,133
1860,12
1860,44
1861,12
1861,44
1862,26
1862,44
1862,51
1862,73
1862,232
1862,288
1864,15
1865,13
1865,20
1865,136
1865,271
1865,282
1866,13
1866,20
1866,136
1866,271
1866,282
1867,342
1868,43
1868,253
1868,342
1869,20
1869,136
1869,253
1871,1
1873,20
1873,136
1874,20
1874,136
1876,342
1877,20
1877,136
1878,43
1878,253
1878,342
1879,342
1880,342
1881,342
1883,19
1883,342
1884,1
1885,20
1885,136
1885,253
1885,342
1886,13
1886,20
1886,136
1886,282
1886,342
1887,20
1887,136
1888,20
1888,136
1889,136
1889,253
1890,20
1890,136
1891,1
1893,251
1907,138
1916,30
1958,2
1958,54
1958,60
1960,2
1960,60
1970,2
1970,54
1970,60
1973,2
1973,60
1985,60
1988,2
1988,54
1988,60
1993,2
1993,54
1993,60
1994,2
1994,60
1999,60
2001,2
2001,54
2001,60
2002,2
2002,54
2002,60
2009,60
2010,2
2010,60
2016,60
2018,60
2025,2
2025,60
2029,60
2030,60
2031,60
2032,2
2032,60
2036,60
2040,60
2042,2
2042,60
2043,60
2044,2
2044,60
2046,60
2052,60
2062,60
2066,2
2066,54
2066,60
2067,60
2068,60
2076,60
2089,2
2089,60
2090,60
2091,2
2091,60
2092,2
2092,54
2092,60
2093,2
2093,60
2094,2
2094,60
2101,2
2101,54
2101,60
2102,2
2102,54
2102,60
2103,2
2103,54
2103,60
2104,60
2112,2
2112,54
2120,60
2121,60
2123,2
2123,60
2125,60
2126,2
2126,54
2129,60
2130,2
2130,54
2130,60
2131,2
2131,54
2133,2
2133,60
2134,2
2134,54
2138,2
2138,54
2138,60
2139,45
2140,45
2140,342
2141,19
2141,342
2142,45
2142,342
2143,45
2143,342
2144,45
2144,342
2145,45
2146,45
2146,342
2147,45
2148,19
2148,342
2149,19
2149,39
2149,124
2150,45
2151,45
2152,19
2152,39
2152,124
2153,45
2153,342
2154,45
2155,19
2155,39
2155,124
2156,19
2156,39
2156,124
2157,19
2157,39
2157,124
2158,45
2159,45
2160,45
2160,342
2161,45
2161,342
2162,45
2163,45
2164,45
2164,342
2165,45
2165,342
2166,45
2167,45
2167,342
2168,45
2169,45
2170,45
2171,19
2171,39
2171,124
2172,45
2173,45
2174,45
2175,45
2176,45
2177,45
2178,45
2179,19
2179,39
2179,124
2180,45
2181,45
2182,45
2183,45
2184,45
2184,342
2185,45
2186,45
2187,45
2188,45
2189,19
2189,342
2190,19
2190,342
2191,45
2192,45
2193,45
2194,124
2195,124
2196,124
2197,124
2198,45
2199,45
2199,342
2206,226
2210,181
2229,34
2229,181
2229,226
2233,124
2237,181
2238,181
2256,52
2256,300
2265,52
2265,300
2274,181
2277,181
2277,226
2280,181
2286,181
2295,52
2295,300
2322,45
2323,45
2324,52
2324,300
2325,52
2325,300
2333,181
2336,124
2337,124
2338,124
2339,124
2340,124
2341,124
2342,124
2344,124
2346,124
2347,124
2348,124
2349,124
2350,124
2351,124
2352,124
2353,124
2354,124
2355,124
2356,124
2357,124
2358,124
2359,124
2360,124
2361,124
2362,124
2363,124
2364,124
2365,124
2366,124
2367,124
2368,124
2369,124
2370,124
2371,124
2372,124
2373,124
2374,124
2375,124
2376,124
2377,124
2378,124
2379,124
2380,124
2381,124
2382,124
2383,124
2384,124
2385,124
2386,124
2389,124
2390,124
2391,124
2392,124
2393,124
2394,124
2395,124
2400,124
2405,124
2406,124
2412,124
2413,124
2414,124
2415,124
2416,124
2417,124
2418,124
2419,124
2420,124
2421,124
2422,124
2424,124
2425,124
2426,124
2427,124
2428,124
2429,124
2430,124
2431,124
2432,124
2433,124
2434,124
2435,124
2436,124
2437,124
2438,124
2439,124
2440,124
2441,124
2442,124
2443,124
2444,124
2445,124
2446,124
2447,124
2448,124
2449,124
2450,124
2451,124
2452,124
2453,124
2454,124
2455,124
2456,124
2457,124
2458,124
2459,124
2460,124
2461,124
2462,124
2463,124
2464,124
2465,124
2466,124
2474,124
2475,124
2476,124
2477,124
2478,124
2479,124
2480,124
2481,124
2482,124
2483,124
2484,124
2485,124
2486,124
2487,124
2488,124
2489,124
2490,124
2491,124
2492,124
2493,124
2494,124
2495,124
2496,124
2497,124
2498,124
2499,124
2500,124
2503,124
2504,124
2505,124
2506,124
2507,124
2510,124
2511,124
2512,124
2513,124
2514,124
2515,124
2516,124
2517,124
2518,124
2519,124
2520,124
2521,124
2522,124
2523,124
2524,124
2525,124
2526,124
2527,124
2528,124
2529,124
2530,124
2531,124
2532,124
2533,124
2534,124
2535,124
2536,124
2537,124
2538,124
2546,124
2547,124
2548,124
2549,124
2550,124
2551,124
2552,124
2553,124
2554,124
2555,124
2556,124
2557,124
2558,124
2559,124
2560,124
2561,124
2562,124
2580,45
2594,52
2594,300
2597,52
2597,300
2598,52
2598,300
2604,52
2604,300
2610,52
2610,300
2639,52
2639,300
2640,52
2640,300
2648,52
2648,300
2653,52
2653,300
2654,52
2654,300
2686,52
2686,300
2701,52
2701,300
2931,151
2936,153
2939,153
2956,151
2958,151
2967,151
2996,151
2999,153
3000,153
3011,153
3011,169
3012,153
3012,169
3020,151
3035,62
3036,161
3037,62
3042,161
3043,328
3044,325
3047,325
3048,62
3049,62
3050,62
3051,325
3054,62
3055,62
3055,161
3057,161
3058,62
3059,62
3059,161
3060,62
3060,161
3062,161
3064,161
3069,62
3069,161
3070,62
3071,62
3072,62
3073,62
3074,62
3075,62
3076,62
3077,62
3078,62
3079,62
3081,62
3084,325
3086,328
3087,325
3090,325
3091,325
3093,325
3094,328
3095,328
3098,325
3099,325
3100,161
3104,328
3105,62
3108,62
3108,279
3108,328
3109,328
3112,62
3113,325
3114,62
3115,62
3115,328
3116,325
3117,325
3157,62
3172,62
3173,62
3174,62
3175,62
3176,62
3177,62
3183,62
3184,62
3185,62
3186,62
3187,62
3188,62
3192,62
3196,62
3197,62
3198,62
3199,62
3200,62
3202,62
3203,62
3204,62
3206,62
3207,62
3208,62
3209,62
3210,62
3211,62
3212,62
3213,62
3214,62
3215,62
3216,62
3217,62
3218,62
3219,62
3220,62
3221,62
3222,62
3223,62
3224,62
3225,62
3226,62
3227,62
3228,62
3261,62
3267,80
3268,80
3273,80
3274,217
3275,217
3276,217
3277,80
3278,80
3282,70
3282,160
3283,80
3287,80
3289,80
3290,80
3291,217
3299,70
3299,160
3304,10
3305,80
3311,217
3316,80
3318,80
3319,10
3320,80
3321,160
3322,90
3322,140
3322,217
3323,90
3323,140
3323,217
3324,70
3324,160
3325,70
3325,160
3326,70
3326,160
3332,70
3332,160
3333,80
3334,90
3334,140
3334,217
3337,160
3339,217
3343,217
3347,80
3351,80
3352,90
3352,140
3352,217
3353,90
3353,140
3353,217
3355,80
3359,80
3360,80
3364,70
3364,160
3366,80
3367,80
3369,70
3369,160
3370,217
3371,160
3375,80
3378,10
3380,80
3386,80
3387,217
3390,70
3390,160
3392,80
3393,70
3393,160
3394,70
3394,160
3399,80
3400,80
3401,80
3402,70
3402,160
3404,70
3404,160
3405,90
3405,140
3405,217
3407,80
3408,80
3413,80
3414,70
3414,160
3417,70
3417,160
3419,80
3420,80
3424,80
3425,80
3426,70
3426,160
3427,80
3431,70
3431,160
3433,70
3433,160
3434,90
3434,140
3434,217
3435,217
3437,217
3440,10
3441,217
3442,217
3443,217
3444,217
3448,80
3453,80
3454,80
3455,80
3456,80
3457,80
3461,80
3471,160
3473,70
3473,160
3477,70
3477,160
3478,70
3478,160
3480,160
3484,160
3486,70
3486,160
3489,90
3489,140
3489,217
3490,90
3490,140
3490,217
3491,90
3491,140
3491,217
3493,10
3494,10
3495,10
3496,80
3497,80
3500,70
3500,160
3503,10
3504,10
3506,90
3506,140
3506,217
3507,217
3508,217
3511,80
3516,70
3516,160
3517,70
3517,160
3518,70
3518,160
3519,70
3519,160
3520,160
3521,160
3524,10
3527,80
3528,80
3532,70
3532,160
3533,90
3533,140
3533,217
3536,10
3541,217
3543,80
3546,217
3547,217
3548,217
3550,217
3551,217
3552,217
3554,10
3555,217
3556,217
3557,217
3558,217
3559,217
3560,217
3562,217
3563,217
3564,217
3565,217
3566,217
3567,217
3568,217
3569,217
3570,217
3571,217
3572,217
3573,217
3574,217
3575,217
3576,217
3577,217
3578,217
3579,217
3580,217
3581,217
3582,217
3583,217
3584,217
3585,217
3586,217
3587,217
3588,217
3589,217
3595,107
3596,107
3599,107
3604,107
3614,107
3615,107
3622,107
3628,107
3649,107
3650,107
3651,107
3652,107
3653,107
3656,107
3657,107
3659,107
3660,107
3662,107
3665,107
3666,107
3669,107
3682,107
3683,107
3686,107
3691,107
3692,107
3697,107
3698,107
3700,107
3701,107
3702,107
3703,107
3704,107
3705,107
3707,107
3710,107
3711,107
3733,107
3737,107
3762,107
3792,107
3793,107
3797,107
3798,107
3799,107
3846,107
3960,309
3961,309
3965,283
3969,309
3972,82
3972,244
3972,283
3972,322
3975,309
3980,309
3985,180
3986,309
3992,180
3995,309
3996,283
3999,309
4001,82
4001,244
4001,283
4004,210
4007,309
4016,82
4016,244
4016,283
4016,322
4019,309
4027,309
4031,82
4031,244
4031,283
4038,180
4042,309
4051,180
4056,309
4059,309
4062,82
4062,244
4062,283
4062,322
4070,309
4080,309
4091,82
4091,244
4091,283
4091,322
4093,309
4095,180
4095,210
4096,309
4097,180
4097,210
4098,283
4104,283
4113,82
4113,244
4113,283
4125,309
4130,309
4138,210
4142,309
4150,309
4151,309
4163,309
4165,283
4170,82
4170,244
4170,283
4170,322
4171,309
4172,180
4172,210
4174,309
4178,309
4184,180
4188,82
4188,244
4188,283
4188,322
4197,180
4200,82
4200,244
4200,283
4204,82
4204,244
4204,283
4204,322
4210,309
4214,180
4218,180
4220,180
4220,210
4227,309
4229,309
4234,180
4234,210
4236,210
4244,180
4244,210
4246,82
4246,244
4246,283
4246,322
4249,309
4250,180
4250,210
4253,180
4263,309
4279,309
4285,180
4288,309
4289,309
4295,309
4296,309
4297,309
4299,283
4299,286
4309,82
4309,244
4309,283
4309,322
4310,82
4310,244
4310,283
4310,322
4314,309
4315,309
4316,309
4317,309
4318,309
4327,309
4332,283
4333,286
4334,283
4334,286
4335,309
4348,309
4350,309
4352,309
4355,309
4358,309
4366,210
4367,180
4367,210
4371,82
4371,244
4371,283
4372,82
4372,244
4372,283
4373,82
4373,244
4373,283
4373,322
4378,309
4383,309
4384,309
4385,309
4386,309
4388,309
4393,309
4395,309
4399,180
4399,210
4424,82
4424,244
4424,283
4429,309
4430,309
4431,309
4440,286
4441,82
4441,244
4441,283
4441,322
4443,286
4445,180
4445,210
4446,286
4447,286
4448,286
4449,286
4450,210
4456,114
4467,114
4469,114
4472,330
4473,330
4474,330
4475,330
4476,330
4478,330
4481,114
4482,330
4488,330
4491,158
4491,218
4491,275
4491,323
4492,158
4492,218
4495,158
4495,218
4498,330
4500,330
4520,158
4520,218
4520,275
4520,323
4530,158
4530,218
4533,114
4534,330
4567,219
4570,330
4571,330
4572,330
4573,330
4574,330
4575,330
4593,330
4594,330
4595,201
4596,259
4601,163
4601,201
4604,201
4605,163
4606,163
4606,201
4608,18
4608,69
4627,69
4636,178
4638,259
4639,259
4642,259
4648,178
4652,163
4652,201
4654,163
4654,201
4655,163
4655,201
4659,163
4661,18
4661,69
4662,259
4677,18
4677,69
4678,18
4678,69
4679,178
4683,178
4686,201
4705,201
4706,163
4706,201
4710,201
4711,201
4712,201
4713,201
4790,163
4790,201
4791,163
4791,201
4792,163
4792,201
4803,163
4803,201
4804,163
4804,201
4805,163
4805,201
4806,163
4806,201
4807,163
4807,201
4808,163
4808,201
4819,286
4820,286
4821,286
4823,286
4830,286
4834,102
4838,59
4839,59
4840,102
4844,286
4845,286
4847,286
4848,286
4849,286
4850,286
4851,286
4853,286
4860,322
4861,82
4861,244
4861,283
4861,286
4861,322
4862,286
4863,286
4864,286
4873,67
4873,91
4873,113
4876,67
4876,113
4879,286
4881,286
4883,322
4886,286
4888,286
4893,102
4898,286
4903,67
4903,113
4910,286
4916,102
4919,102
4920,102
4926,286
4927,286
4932,286
4934,286
4937,286
4940,67
4940,113
4941,263
4941,273
4958,67
4958,113
4959,102
4960,286
4961,286
4962,286
4963,59
4967,67
4967,113
4973,286
4974,286
4980,286
4984,67
4984,113
4985,67
4986,67
4986,91
4986,113
4987,286
4993,67
4993,113
4994,286
4997,67
4997,113
4998,286
5008,102
5009,102
5015,286
5022,286
5024,322
5028,67
5028,113
5035,286
5039,286
5040,286
5044,286
5047,102
5050,102
5054,102
5055,102
5061,102
5063,286
5075,286
5076,286
5077,102
5078,263
5079,263
5080,263
5081,263
5082,263
5083,286
5090,322
5102,286
5104,67
5104,113
5105,67
5105,113
5106,286
5107,286
5108,286
5109,286
5110,286
5115,286
5116,286
5117,286
5118,286
5119,286
5121,67
5121,113
5125,286
5130,286
5174,102
5175,102
5176,102
5177,102
5179,102
5180,102
5181,102
5182,102
5183,102
5205,286
5208,322
5212,102
5213,322
5214,82
5214,244
5214,322
5217,102
5220,322
5221,322
5222,322
5223,82
5223,244
5223,322
5224,82
5224,244
5224,322
5225,102
5227,102
5228,102
5274,102
5295,286
5311,59
5312,59
5313,59
5314,59
5315,59
5316,59
5317,59
5318,59
5356,59
5357,59
5358,59
5359,59
5388,59
5405,263
5406,263
5406,273
5471,67
5471,91
5471,113
5471,263
5471,273
5509,59
5515,59
5519,59
5520,59
5521,59
5523,102
5524,102
5525,102
5526,102
5527,102
5558,59
5559,59
5560,59
5565,67
5565,91
5565,113
5565,263
5565,273
5566,59
5567,59
5577,59
5578,59
5579,59
5586,59
5587,59
5588,59
5589,59
5591,59
5592,59
5593,59
5594,59
5595,67
5595,91
5595,113
5595,263
5595,273
5596,102
5669,59
5764,102
5765,67
5765,91
5765,113
5765,263
5765,273
5766,67
5766,91
5766,113
5766,263
5766,273
5767,67
5767,91
5767,113
5767,263
5767,273
5768,67
5768,91
5768,113
5768,263
5768,273
5769,67
5769,91
5769,113
5769,263
5769,273
5770,102
5771,102
5772,102
5773,102
5774,102
5775,102
5784,102
5788,286
5789,102
5790,102
5791,102
5792,102
5793,102
5794,102
5795,102
5796,102
5797,102
5798,102
5799,102
5800,102
5801,102
5802,102
5803,102
5804,102
5805,102
5825,102
5826,102
5827,102
5828,102
5829,102
5830,102
5831,102
5832,102
5833,102
5834,102
5835,102
5836,102
5837,102
5838,102
5839,102
5840,102
5841,102
5849,178
5879,178
5885,178
5886,178
5887,178
5888,178
5901,178
5903,178
5904,178
5919,178
5923,178
5924,178
5925,178
5926,178
5931,178
6003,178
6008,178
6011,178
6012,178
6017,178
6020,178
6037,178
6038,178
6039,178
6059,178
6060,178
6061,178
6062,178
6063,178
6250,66
6252,57
6252,133
6252,152
6252,264
6253,66
6254,36
6255,57
6255,133
6255,152
6261,264
6262,66
6264,58
6265,133
6265,152
6285,264
6287,66
6293,66
6294,264
6295,58
6296,57
6296,133
6296,152
6299,66
6303,66
6304,66
6305,133
6305,152
6308,36
6314,66
6315,66
6317,264
6318,66
6320,133
6320,152
6322,66
6323,66
6328,57
6328,152
6328,264
6331,66
6332,36
6332,79
6335,57
6335,152
6335,264
6339,66
6340,66
6346,66
6348,66
6349,66
6350,66
6351,66
6352,66
6353,66
6354,66
6355,66
6356,66
6357,66
6358,66
6359,66
6360,66
6361,66
6362,66
6363,66
6364,66
6365,66
6366,66
6367,66
6368,66
6369,66
6370,66
6371,66
6374,66
6375,66
6376,66
6377,66
6378,66
6379,66
6380,66
6381,66
6382,66
6383,66
6384,66
6385,66
6386,66
6387,66
6388,66
6389,66
6390,66
6391,66
6392,66
6393,66
6394,66
6395,66
6396,66
6397,66
6398,66
6399,66
6400,66
6401,57
6401,133
6401,152
6402,57
6402,58
6402,133
6402,152
6403,57
6403,133
6403,152
6404,57
6404,133
6404,152
6405,57
6405,133
6405,152
6406,66
6407,66
6408,66
6409,66
6410,66
6411,66
6412,57
6412,133
6412,152
6413,57
6413,133
6413,152
6414,57
6414,133
6414,152
6415,57
6415,133
6415,152
6416,57
6416,133
6416,152
6417,57
6417,133
6417,152
6418,57
6418,133
6418,152
6419,57
6419,133
6419,152
6420,57
6420,133
6420,152
6421,57
6421,133
6421,152
6422,57
6422,133
6422,152
6423,57
6423,133
6423,152
6424,57
6424,133
6424,152
6425,66
6426,66
6427,66
6428,66
6429,133
6429,152
6431,66
6432,66
6433,66
6434,66
6435,66
6436,66
6437,66
6438,57
6438,133
6438,152
6439,66
6440,36
6441,66
6442,66
6443,66
6444,66
6445,66
6446,66
6447,66
6448,66
6449,66
6450,66
6451,66
6458,6
6468,154
6468,333
6472,6
6477,154
6477,333
6478,333
6488,6
6500,154
6515,56
6515,130
6515,173
6515,179
6515,229
6515,245
6515,258
6516,241
6519,56
6519,130
6519,173
6519,179
6519,229
6519,245
6519,258
6522,105
6523,241
6524,229
6524,241
6524,245
6524,258
6525,130
6525,213
6525,229
6525,241
6525,245
6525,258
6526,293
6526,335
6527,229
6527,241
6527,258
6528,64
6528,293
6528,335
6529,93
6531,24
6531,241
6532,4
6532,24
6536,241
6539,335
6540,293
6540,335
6541,130
6541,213
6541,229
6541,241
6541,245
6541,258
6542,24
6542,241
6543,4
6543,27
6543,219
6544,27
6544,293
6544,335
6546,4
6546,24
6548,64
6548,293
6549,241
6550,4
6550,24
6551,24
6551,241
6552,56
6552,130
6552,173
6552,179
6552,229
6552,245
6552,258
6554,4
6554,14
6554,219
6556,64
6558,27
6558,293
6560,64
6560,293
6561,241
6563,64
6564,213
6564,245
6564,258
6565,64
6566,4
6566,219
6567,27
6568,27
6568,64
6568,293
6569,64
6569,293
6569,335
6572,335
6573,93
6576,27
6577,24
6577,241
6578,56
6578,130
6578,173
6578,179
6578,229
6578,245
6579,241
6585,64
6585,293
6585,335
6587,56
6587,130
6587,173
6587,179
6587,229
6587,245
6589,241
6589,258
6592,4
6592,24
6593,24
6594,56
6594,130
6594,173
6594,179
6594,229
6594,245
6594,258
6597,24
6598,64
6599,27
6601,27
6603,64
6604,293
6604,335
6605,24
6605,241
6606,64
6608,241
6609,229
6609,241
6609,258
6610,241
6611,219
6612,335
6622,64
6622,335
6623,27
6623,64
6623,293
6625,241
6626,64
6626,293
6626,335
6628,64
6629,241
6630,93
6630,105
6630,333
6631,27
6633,24
6635,241
6638,229
6638,241
6638,245
6638,258
6640,229
6640,241
6640,245
6640,258
6641,24
6641,241
6642,241
6643,64
6643,293
6644,27
6646,241
6648,24
6648,241
6649,56
6649,130
6649,173
6649,179
6649,229
6649,245
6649,258
6650,241
6652,27
6652,293
6653,27
6656,213
6656,229
6656,241
6656,258
6657,27
6659,27
6660,27
6661,64
6661,293
6661,335
6662,64
6663,213
6663,229
6663,241
6663,258
6664,93
6664,105
6665,24
6665,241
6668,27
6671,105
6671,154
6672,335
6674,24
6674,241
6675,64
6679,27
6680,241
6682,64
6682,293
6685,64
6686,241
6688,219
6689,335
6690,335
6701,239
6702,239
6703,206
6704,239
6705,206
6708,108
6709,239
6710,239
6712,239
6713,206
6715,108
6717,206
6720,108
6723,108
6724,206
6726,206
6727,87
6728,108
6730,239
6731,239
6732,206
6734,159
6738,239
6740,87
6740,172
6743,108
6747,111
6748,111
6748,159
6749,111
6750,87
6750,172
6751,239
6752,239
6753,206
6754,65
6754,108
6755,239
6756,65
6758,206
6760,65
6768,239
6769,65
6770,108
6771,111
6771,159
6776,206
6777,239
6779,108
6780,176
6781,65
6782,108
6785,65
6785,108
6786,239
6787,239
6788,239
6792,65
6793,87
6793,93
6794,108
6794,206
6805,176
6813,170
6813,239
6814,239
6819,65
6819,108
6819,111
6820,65
6820,108
6820,111
6825,239
6827,176
6828,239
6829,239
6831,108
6845,239
6846,159
6849,239
6852,239
6853,239
6854,239
6855,239
6858,170
6858,239
6859,170
6859,239
6860,108
6860,206
6861,239
6869,87
6869,172
6870,108
6871,239
6872,108
6875,108
6877,239
6879,239
6881,239
6883,239
6884,170
6884,239
6892,65
6892,108
6893,239
6894,239
6895,239
6897,108
6897,111
6898,111
6898,159
6899,239
6902,239
6903,87
6903,172
6904,159
6908,108
6910,65
6910,108
6911,87
6911,172
6919,108
6919,206
6920,239
6922,239
6923,65
6923,108
6923,111
6924,239
6926,239
6927,159
6928,239
6929,239
6932,239
6933,111
6938,239
6939,239
6940,239
6941,239
6943,239
6944,111
6945,206
6946,108
6946,206
6947,206
6948,111
6948,159
6951,239
6954,239
6955,239
6956,206
6957,176
6958,239
6961,170
6961,239
6964,172
6965,87
6966,170
6966,239
6968,170
6968,239
6973,206
6975,170
6975,239
6976,206
6977,87
6977,172
6977,176
6978,172
6978,176
6979,87
6981,65
6982,170
6982,239
6984,87
6984,172
6987,170
6987,239
6988,170
6988,239
6989,87
6989,172
6990,239
6992,172
6994,170
6994,239
7001,239
7006,172
7009,170
7009,239
7010,170
7010,239
7012,170
7012,239
7014,170
7014,239
7032,257
7039,196
7042,85
7042,190
7047,257
7051,257
7058,196
7058,259
7063,257
7074,85
7074,190
7077,259
7078,85
7078,190
7084,257
7085,257
7088,257
7090,8
7091,257
7093,257
7095,257
7096,196
7099,85
7099,190
7099,292
7103,257
7113,257
7116,257
7119,257
7120,8
7121,257
7122,257
7123,85
7123,190
7127,257
7128,257
7139,257
7143,257
7146,8
7147,257
7148,257
7149,257
7161,257
7162,8
7162,85
7162,190
7165,8
7165,85
7165,190
7167,257
7169,259
7172,257
7176,257
7179,257
7180,257
7188,257
7189,257
7193,257
7201,257
7205,8
7207,257
7208,257
7210,68
7210,252
7210,301
7210,348
7211,257
7212,257
7215,257
7218,257
7219,257
7220,257
7222,8
7222,85
7222,190
7229,257
7232,68
7232,252
7232,301
7232,348
7239,8
7240,68
7240,252
7240,275
7240,301
7240,323
7240,348
7241,68
7241,252
7241,301
7241,348
7242,68
7242,252
7242,301
7242,348
7246,85
7246,190
7249,8
7250,85
7250,190
7251,68
7251,252
7251,301
7251,348
7252,8
7261,8
7262,8
7263,8
7280,85
7280,190
7287,259
7296,151
7299,86
7300,86
7302,98
7304,98
7310,98
7311,98
7316,86
7342,151
7343,104
7344,98
7345,98
7346,151
7349,98
7349,104
7354,98
7356,98
7360,98
7364,86
7370,98
7374,104
7374,174
7375,98
7376,86
7380,98
7381,112
7384,104
7387,151
7387,164
7389,98
7393,98
7397,104
7397,174
7397,338
7399,104
7403,86
7404,98
7406,86
7408,86
7417,104
7418,104
7419,86
7420,98
7421,98
7422,98
7435,285
7438,104
7439,104
7440,104
7442,98
7443,98
7445,98
7446,98
7447,98
7448,98
7449,98
7450,112
7459,104
7460,98
7461,98
7462,98
7464,112
7465,164
7466,104
7466,174
7466,338
7490,19
7490,39
7491,242
7492,39
7492,242
7493,19
7493,39
7493,242
7494,19
7494,39
7494,242
7495,34
7495,226
7495,242
7496,19
7496,39
7497,22
7497,84
7497,118
7497,127
7497,242
7498,22
7498,84
7498,118
7498,127
7498,242
7499,13
7499,20
7499,271
7499,282
7500,22
7500,118
7500,226
7500,242
7501,19
7501,39
7502,13
7502,20
7502,90
7502,117
7502,140
7502,271
7502,282
7503,13
7503,84
7503,117
7503,271
7503,282
7504,22
7504,84
7504,127
7505,19
7505,39
7505,271
7506,19
7506,39
7507,19
7507,39
7508,13
7508,19
7508,271
7508,282
7509,19
7509,242
7509,271
7510,19
7510,39
7510,242
7511,22
7511,84
7511,118
7511,127
7512,22
7512,84
7512,118
7512,127
7513,34
7513,118
7513,226
7513,242
7514,34
7514,118
7514,226
7514,242
7515,226
7515,242
7516,242
7517,19
7517,39
7517,242
7518,13
7518,19
7518,271
7518,282
7519,19
7519,39
7520,13
7520,117
7520,271
7520,282
7521,13
7521,19
7521,20
7521,271
7521,282
7521,342
7522,19
7522,39
7522,242
7523,13
7523,19
7523,271
7523,282
7524,242
7525,39
7525,226
7525,242
7526,13
7526,20
7526,90
7526,140
7526,271
7526,282
7527,242
7528,19
7528,39
7528,242
7529,22
7529,242
7530,22
7530,127
7530,242
7531,22
7531,84
7531,118
7531,127
7531,242
7532,226
7532,242
7533,13
7533,84
7533,117
7533,271
7533,282
7534,13
7534,19
7534,271
7534,282
7535,22
7535,84
7535,118
7535,127
7536,34
7536,226
7536,242
7537,242
7538,19
7538,39
7538,342
7539,22
7539,84
7539,118
7539,127
7539,242
7540,13
7540,19
7540,271
7540,282
7541,13
7541,90
7541,117
7541,140
7541,271
7541,282
7542,22
7542,84
7542,118
7542,127
7543,39
7543,242
7544,242
7545,22
7545,118
7545,127
7545,242
7546,22
7546,242
7547,19
7547,342
7548,13
7548,84
7548,117
7548,271
7548,282
7549,13
7549,84
7549,117
7549,271
7549,282
7550,39
7550,242
7551,19
7551,39
7551,342
7552,13
7552,19
7552,282
7553,19
7553,39
7554,19
7555,19
7555,39
7556,13
7556,20
7556,271
7556,282
7557,13
7557,19
7557,271
7557,282
7558,13
7558,19
7558,271
7558,282
7559,19
7559,39
7560,19
7560,39
7560,242
7561,242
7561,271
7562,34
7562,226
7562,242
7563,22
7563,118
7563,127
7563,242
7564,22
7564,118
7564,127
7564,242
7565,34
7565,118
7565,226
7565,242
7566,242
7567,19
7567,39
7567,242
7568,19
7568,39
7568,242
7569,19
7569,39
7570,19
7570,39
7571,226
7571,242
7572,13
7572,19
7572,271
7572,282
7573,39
7573,242
7574,39
7574,242
7575,19
7575,39
7575,242
7576,19
7576,39
7577,22
7577,84
7577,117
7577,127
7578,22
7578,84
7578,117
7578,127
7579,19
7579,39
7580,226
7580,242
7581,19
7581,39
7581,342
7582,84
7582,127
7582,242
7583,39
7583,242
7584,118
7584,150
7586,118
7586,150
7587,150
7587,228
7588,22
7588,34
7588,118
7588,127
7588,242
7589,150
7589,228
7590,150
7590,228
7591,150
7591,228
7592,228
7593,88
7593,118
7593,150
7594,150
7595,121
7595,228
7597,88
7597,118
7597,150
7598,181
7599,42
7599,121
7599,228
7600,150
7600,228
7601,22
7601,88
7601,118
7601,127
7602,121
7602,150
7602,228
7604,150
7604,228
7605,181
7606,22
7606,34
7606,118
7606,226
7607,150
7607,228
7609,121
7609,150
7609,228
7611,228
7612,118
7612,150
7613,22
7613,88
7613,118
7613,127
7614,22
7614,88
7614,118
7614,127
7615,121
7615,150
7615,228
7616,121
7616,150
7616,228
7617,121
7617,228
7618,22
7618,34
7618,118
7618,226
7618,242
7619,22
7619,88
7619,118
7619,127
7620,181
7621,181
7623,150
7623,228
7624,228
7625,228
7626,181
7628,121
7628,150
7628,228
7629,181
7630,88
7630,118
7630,150
7631,88
7631,118
7631,150
7632,88
7632,118
7632,150
7635,228
7636,88
7636,118
7636,150
7638,150
7638,228
7639,181
7641,21
7643,21
7649,171
7651,21
7654,171
7660,116
7664,21
7665,171
7667,21
7671,171
7673,21
7676,171
7677,171
7678,171
7687,171
7690,171
7691,116
7691,171
7692,171
7699,116
7704,171
7719,171
7723,21
7724,21
7731,21
7732,21
7733,116
7734,171
7735,171
7736,171
7737,171
7738,171
7748,171
7749,171
7750,171
7751,171
7752,171
7760,171
7808,116
7859,116
7970,116
7971,116
7972,116
7983,116
7996,116
7997,116
7998,116
7999,116
8008,116
8009,116
8010,116
8011,116
8012,116
8013,116
8017,116
8018,116
8019,116
8020,116
8021,116
8022,116
8023,116
8024,116
8025,116
8026,116
8162,116
8163,116
8164,116
8165,116
8166,116
8167,116
8168,116
8169,116
8170,116
8171,116
8172,116
8173,116
8174,116
8175,116
8176,116
8177,116
8178,116
8179,116
8180,116
8181,116
8182,116
8183,116
8184,116
8185,116
8186,116
8187,116
8188,116
8189,116
8190,116
8191,116
8192,116
8193,116
8194,116
8195,116
8196,116
8197,116
8198,116
8199,116
8200,116
8201,116
8202,116
8203,116
8204,116
8205,116
8206,116
8207,116
8208,116
8209,116
8238,10
8238,84
8238,117
8238,127
8239,22
8239,88
8239,127
8240,191
8241,10
8242,10
8242,90
8242,117
8242,140
8242,217
8243,10
8243,84
8243,117
8243,127
8244,10
8244,22
8244,84
8244,127
8245,22
8245,88
8245,127
8245,191
8246,10
8247,90
8247,140
8247,217
8248,10
8248,84
8248,90
8248,117
8248,140
8249,10
8250,10
8251,22
8251,127
8252,22
8252,88
8252,127
8253,191
8254,191
8255,10
8255,22
8255,84
8255,117
8255,127
8256,10
8256,90
8256,117
8256,140
8257,10
8257,90
8257,140
8258,10
8259,10
8259,90
8259,117
8259,140
8260,10
8260,90
8260,117
8260,140
8261,191
8262,10
8262,84
8262,117
8262,127
8263,10
8264,10
8264,22
8264,84
8264,117
8264,127
8265,10
8265,22
8265,84
8265,117
8265,127
8266,10
8266,22
8266,84
8266,127
8267,10
8267,22
8267,84
8267,127
8268,90
8268,140
8268,217
8269,10
8270,191
8271,10
8271,13
8271,84
8271,90
8271,117
8271,140
8271,271
8271,282
8272,10
8272,90
8272,117
8272,140
8273,10
8273,13
8273,84
8273,90
8273,117
8273,140
8273,271
8273,282
8274,10
8274,84
8274,90
8274,117
8274,140
8275,10
8276,10
8276,84
8276,117
8277,90
8277,140
8277,217
8278,10
8278,90
8278,117
8278,140
8279,10
8280,13
8280,90
8280,117
8280,140
8280,271
8280,282
8281,10
8281,90
8281,117
8281,140
8282,10
8282,22
8282,84
8282,127
8283,191
8284,90
8284,140
8284,217
8285,90
8285,140
8285,217
8286,10
8286,22
8286,84
8286,117
8286,127
8287,10
8287,117
8288,90
8288,140
8288,217
8289,10
8289,84
8289,127
8290,10
8291,191
8292,22
8292,84
8292,88
8292,127
8293,10
8293,90
8293,140
8293,217
8294,22
8294,84
8294,88
8294,127
8295,22
8295,84
8295,88
8295,127
8296,191
8297,90
8297,140
8297,217
8298,13
8298,90
8298,140
8298,217
8298,282
8299,13
8299,90
8299,117
8299,140
8299,217
8299,271
8299,282
8300,13
8300,90
8300,117
8300,140
8300,217
8300,271
8300,282
8301,10
8301,84
8301,90
8301,117
8301,140
8302,10
8302,117
8303,10
8303,117
8304,10
8305,10
8305,22
8305,84
8305,127
8306,10
8307,10
8308,10
8308,22
8308,84
8308,127
8309,10
8309,22
8309,84
8309,127
8311,10
8311,191
8312,191
8313,191
8314,191
8315,191
8316,10
8316,90
8316,117
8316,140
8317,10
8317,84
8317,117
8318,10
8318,84
8318,117
8319,10
8320,10
8320,22
8320,84
8320,117
8320,127
8321,10
8322,10
8323,10
8324,10
8325,127
8325,191
8326,191
8327,191
8328,10
8328,84
8328,117
8328,127
8329,10
8329,191
8330,10
8330,191
8331,191
8332,10
8332,22
8332,84
8332,127
8333,10
8333,22
8333,84
8333,127
8334,10
8334,22
8334,84
8334,127
8335,10
8335,22
8335,84
8335,127
8336,10
8336,191
8337,10
8337,13
8337,90
8337,117
8337,140
8337,271
8337,282
8338,90
8338,140
8338,217
8339,90
8339,140
8339,217
8340,10
8340,90
8340,117
8340,140
8341,10
8341,22
8341,84
8341,127
8342,10
8342,84
8342,117
8342,127
8343,10
8343,84
8343,117
8343,127
8344,10
8344,84
8344,117
8344,127
8345,10
8346,10
8346,22
8346,84
8346,117
8346,127
8347,22
8347,84
8347,88
8347,127
8348,22
8348,84
8348,88
8348,127
8349,22
8349,84
8349,88
8349,127
8350,13
8350,20
8350,90
8350,140
8350,217
8350,271
8350,282
8351,10
8351,22
8351,84
8351,127
8352,10
8352,90
8352,140
8353,88
8353,191
8354,9
8354,28
8354,46
8354,48
8354,76
8354,109
8354,146
8354,184
8355,9
8355,46
8355,48
8355,61
8355,76
8355,109
8355,146
8355,184
8356,9
8356,48
8356,76
8357,191
8358,191
8359,88
8359,191
8360,28
8361,9
8361,28
8361,46
8361,48
8361,76
8361,184
8362,9
8362,46
8362,48
8362,76
8363,9
8363,46
8363,48
8363,76
8364,9
8364,46
8364,48
8364,76
8365,28
8365,238
8366,48
8366,76
8366,191
8367,28
8367,238
8368,88
8368,191
8369,28
8370,80
8373,61
8373,78
8373,109
8373,146
8373,184
8374,9
8374,28
8374,42
8374,121
8374,238
8375,22
8375,88
8375,127
8376,22
8376,88
8376,127
8377,22
8377,88
8377,127
8378,22
8378,88
8378,127
8379,22
8379,88
8379,127
8380,28
8380,42
8380,121
8380,238
8381,191
8382,121
8382,150
8383,48
8384,88
8384,191
8385,88
8385,191
8386,88
8386,150
8387,88
8387,150
8388,48
8388,76
8389,61
8389,78
8389,146
8390,191
8391,48
8391,76
8391,191
8392,78
8392,146
8393,9
8393,28
8393,42
8393,46
8393,76
8394,28
8394,42
8394,121
8394,228
8394,238
8395,80
8396,9
8396,28
8396,42
8396,46
8396,76
8397,191
8398,191
8399,42
8399,121
8400,22
8400,88
8400,191
8401,191
8402,48
8402,191
8403,9
8403,28
8403,42
8403,46
8403,238
8404,28
8405,28
8405,238
8406,28
8406,46
8406,61
8406,78
8406,109
8406,146
8406,184
8407,88
8407,150
8408,48
8408,76
8408,191
8409,48
8409,76
8409,191
8410,9
8410,28
8410,46
8410,146
8410,184
8411,48
8411,76
8412,238
8413,76
8414,28
8414,238
8415,78
8416,191
8418,48
8419,46
8419,61
8419,109
8419,146
8419,184
8421,191
8423,9
8423,48
8423,76
8424,9
8424,28
8424,46
8424,76
8425,48
8425,191
8426,76
8427,28
8427,146
8428,78
8429,9
8429,28
8429,46
8429,109
8429,146
8429,184
8430,88
8430,150
8431,9
8431,28
8431,46
8431,146
8432,9
8432,28
8432,42
8432,46
8432,121
8432,238
8433,9
8433,28
8433,42
8433,121
8434,48
8434,191
8435,9
8435,28
8435,238
8436,9
8436,28
8436,46
8436,48
8436,76
8437,9
8437,46
8437,61
8437,76
8437,109
8437,146
8437,184
8438,28
8438,42
8438,121
8438,228
8438,238
8439,9
8439,28
8439,46
8439,238
8440,9
8440,28
8440,46
8440,238
8441,88
8442,48
8442,191
8443,48
8443,76
8443,191
8444,9
8444,28
8444,42
8444,121
8444,238
8445,9
8445,28
8445,42
8445,46
8445,76
8445,121
8446,191
8447,61
8447,109
8447,146
8447,184
8449,191
8451,9
8451,48
8451,76
8452,9
8452,28
8452,46
8452,48
8452,76
8453,191
8454,9
8454,46
8454,48
8454,76
8454,184
8455,76
8456,150
8457,9
8457,46
8457,61
8457,109
8457,146
8457,184
8458,9
8458,28
8458,76
8460,61
8460,78
8460,146
8461,28
8461,146
8462,48
8464,9
8464,28
8464,42
8464,46
8464,76
8464,238
8465,9
8465,28
8465,238
8466,9
8466,28
8466,42
8466,46
8466,238
8467,9
8467,46
8467,61
8467,109
8467,146
8467,184
8468,48
8468,61
8468,109
8468,184
8469,48
8470,46
8470,61
8470,109
8470,146
8470,184
8472,80
8473,48
8473,191
8474,48
8474,191
8475,48
8475,191
8476,28
8477,9
8477,28
8477,46
8477,184
8477,238
8478,88
8478,191
8479,9
8479,28
8479,46
8479,48
8479,76
8480,121
8480,150
8481,9
8481,28
8481,46
8481,48
8481,76
8481,109
8481,184
8484,191
8485,90
8485,140
8485,217
8486,90
8486,140
8486,217
8487,9
8487,46
8487,48
8487,61
8487,76
8487,109
8487,146
8487,184
8488,191
8489,9
8489,28
8489,42
8489,46
8489,76
8489,121
8489,238
8490,28
8491,9
8491,28
8491,46
8491,48
8491,76
8492,48
8492,76
8493,78
8494,9
8494,28
8494,46
8494,48
8494,76
8494,109
8494,184
8495,9
8495,48
8495,76
8496,61
8496,78
8496,146
8497,61
8497,78
8497,146
8498,80
8500,76
8501,9
8501,28
8501,42
8501,46
8501,121
8501,238
8502,88
8502,150
8503,42
8503,121
8503,228
8503,238
8504,76
8505,88
8505,150
8506,9
8506,46
8506,48
8506,76
8506,109
8506,184
8507,9
8507,46
8507,48
8507,76
8507,184
8508,46
8508,48
8508,76
8508,184
8509,9
8509,28
8509,46
8509,48
8509,76
8509,109
8509,184
8510,9
8510,46
8510,48
8510,61
8510,76
8510,109
8510,146
8510,184
8511,88
8511,150
8512,48
8512,76
8512,191
8513,48
8513,76
8513,191
8515,9
8515,28
8515,46
8515,238
8516,191
8517,88
8517,150
8518,9
8518,28
8518,42
8518,121
8518,238
8520,9
8520,46
8520,61
8520,109
8520,146
8520,184
8521,88
8521,150
8522,9
8522,46
8522,48
8522,76
8523,9
8523,48
8523,76
8524,88
8524,191
8525,191
8526,191
8527,88
8527,150
8528,88
8528,150
8529,48
8529,76
8529,191
8530,42
8530,121
8531,42
8531,121
8532,42
8532,121
8533,61
8533,109
8533,146
8533,184
8534,46
8534,61
8534,109
8534,146
8534,184
8535,46
8535,61
8535,109
8535,146
8535,184
8536,61
8536,109
8536,146
8536,184
8537,46
8537,61
8537,109
8537,146
8537,184
8538,9
8538,28
8538,42
8538,121
8538,238
8539,9
8539,28
8539,42
8539,238
8540,9
8540,28
8540,42
8540,238
8541,28
8542,28
8542,238
8543,28
8545,88
8546,88
8546,150
8547,88
8547,191
8548,48
8548,191
8549,191
8550,48
8550,191
8551,48
8551,76
8551,191
8552,191
8553,88
8554,48
8554,76
8554,191
8555,76
8556,48
8556,191
8557,48
8557,191
8558,48
8558,76
8558,191
8559,48
8559,76
8559,191
8560,9
8560,46
8560,48
8560,76
8561,48
8561,76
8562,48
8562,76
8562,191
8563,48
8563,76
8564,48
8564,76
8565,48
8566,48
8566,76
8566,191
8567,9
8567,28
8567,46
8567,48
8567,76
8567,109
8567,184
8568,9
8568,28
8568,46
8568,48
8568,76
8568,109
8568,184
8569,9
8569,28
8569,46
8569,48
8569,76
8569,109
8569,184
8570,9
8570,28
8570,46
8570,48
8570,76
8571,9
8571,28
8571,46
8571,48
8571,76
8572,9
8572,28
8572,46
8572,48
8572,76
8573,9
8573,28
8573,46
8573,76
8574,9
8574,28
8574,46
8574,48
8574,76
8575,9
8575,28
8575,46
8575,48
8575,76
8576,9
8576,28
8576,46
8576,48
8576,76
8577,9
8577,28
8577,48
8577,76
8578,28
8578,42
8578,121
8578,228
8578,238
8579,28
8579,42
8579,121
8579,228
8579,238
8580,61
8580,109
8580,184
8581,9
8581,46
8581,48
8581,61
8581,76
8581,109
8581,146
8581,184
8582,9
8582,28
8582,46
8582,61
8582,76
8582,109
8582,146
8582,184
8583,9
8583,28
8583,46
8583,76
8583,109
8583,184
8584,9
8584,28
8584,46
8584,76
8585,42
8585,121
8585,228
8585,238
8586,9
8586,28
8586,46
8586,61
8586,109
8586,146
8586,184
8587,46
8587,61
8587,78
8587,109
8587,146
8587,184
8588,61
8588,78
8588,146
8589,78
8590,78
8591,76
8592,76
8593,9
8593,28
8593,46
8593,76
8593,184
8594,9
8594,28
8594,46
8594,76
8594,184
8595,22
8595,88
8596,88
8596,191
8597,88
8597,191
8598,46
8598,61
8598,109
8598,146
8598,184
8599,9
8599,28
8599,46
8599,109
8599,146
8599,184
8600,9
8600,28
8600,46
8601,80
8602,80
8603,88
8603,150
8604,22
8604,88
8604,150
8605,22
8605,88
8605,150
8606,191
8607,48
8607,191
8608,191
8609,48
8609,191
8610,191
8611,48
8611,191
8612,48
8612,191
8613,48
8613,191
8614,48
8614,191
8615,48
8615,191
8616,48
8616,191
8617,191
8618,48
8618,191
8619,88
8619,191
8620,88
8620,191
8621,48
8621,191
8622,48
8623,48
8623,76
8623,191
8624,48
8624,76
8624,191
8625,9
8625,28
8625,42
8625,76
8625,121
8626,9
8626,28
8626,42
8626,76
8627,9
8627,76
8628,9
8628,28
8628,46
8628,48
8628,76
8629,9
8629,28
8629,46
8629,48
8629,76
8629,109
8629,184
8630,9
8630,28
8630,46
8630,48
8630,76
8630,109
8630,184
8631,9
8631,28
8631,46
8631,48
8631,76
8631,184
8632,9
8632,28
8632,46
8632,48
8632,76
8632,109
8632,184
8633,48
8634,48
8635,28
8635,42
8635,121
8635,238
8636,46
8636,61
8636,78
8636,109
8636,146
8636,184
8637,28
8637,46
8637,61
8637,78
8637,109
8637,146
8637,184
8638,28
8638,42
8638,238
8639,238
8640,28
8640,146
8641,28
8642,61
8642,78
8642,146
8643,48
8643,76
8643,191
8644,48
8644,76
8644,191
8645,42
8645,121
8645,228
8645,238
8646,9
8646,28
8646,46
8646,48
8646,76
8646,109
8646,184
8647,9
8647,28
8647,46
8647,48
8647,76
8647,109
8647,184
8648,48
8648,76
8648,191
8649,42
8649,121
8649,150
8649,228
8650,42
8650,121
8650,150
8650,228
8651,42
8651,121
8651,150
8651,228
8652,42
8652,121
8652,150
8652,228
8653,42
8653,121
8653,150
8653,228
8654,42
8654,121
8654,228
8654,238
8655,42
8655,121
8655,150
8655,228
8656,42
8656,121
8656,150
8656,228
8657,42
8657,121
8657,150
8657,228
8658,42
8658,121
8658,150
8658,228
8659,42
8659,121
8659,150
8659,228
8660,42
8660,121
8660,150
8660,228
8661,42
8661,121
8661,150
8661,228
8662,42
8662,121
8662,150
8662,228
8663,42
8663,121
8663,150
8663,228
8664,42
8664,121
8664,228
8665,42
8665,121
8665,228
8666,42
8666,121
8666,228
8667,42
8667,121
8667,150
8667,228
8668,48
8668,76
8668,191
8669,48
8669,191
8670,42
8670,121
8670,150
8670,228
8671,42
8671,121
8671,150
8671,228
8672,42
8672,121
8672,228
8673,42
8673,121
8673,150
8673,228
8674,42
8674,121
8674,150
8674,228
8675,42
8675,121
8675,150
8675,228
8676,76
8677,9
8677,42
8677,76
8678,42
8678,76
8678,121
8679,42
8679,121
8679,228
8680,42
8680,121
8680,228
8680,238
8681,42
8681,121
8681,228
8681,238
8682,42
8682,121
8682,228
8683,42
8683,121
8683,150
8683,228
8684,42
8684,121
8684,150
8684,228
8685,42
8685,121
8685,150
8685,228
8686,42
8686,121
8686,150
8686,228
8687,88
8687,150
8688,42
8688,121
8688,150
8688,228
8689,42
8689,121
8689,150
8689,228
8690,42
8690,121
8690,150
8690,228
8691,42
8691,121
8691,150
8691,228
8692,42
8692,121
8692,150
8692,228
8693,42
8693,121
8693,228
8694,42
8694,121
8694,228
8695,42
8695,121
8695,150
8695,228
8696,42
8696,121
8696,228
8697,42
8697,121
8697,150
8697,228
8698,42
8698,121
8698,150
8698,228
8699,42
8699,121
8699,228
8700,42
8700,121
8700,228
8701,42
8701,121
8701,228
8702,42
8702,121
8702,150
8702,228
8703,42
8703,121
8703,228
8704,42
8704,121
8704,228
8705,42
8705,121
8705,228
8705,238
8706,42
8706,121
8706,228
8706,238
8707,42
8707,121
8707,228
8707,238
8708,42
8708,121
8708,228
8709,42
8709,121
8709,228
8709,238
8710,42
8710,121
8710,228
8710,238
8711,42
8711,121
8711,228
8711,238
8712,42
8712,121
8712,228
8712,238
8713,42
8713,121
8713,228
8714,42
8714,121
8714,228
8714,238
8715,42
8715,121
8715,228
8715,238
8716,28
8716,146
8717,88
8717,150
8718,88
8718,150
8719,88
8719,150
8720,88
8720,150
8721,88
8721,150
8722,42
8722,121
8722,228
8723,42
8723,121
8723,228
8723,238
8724,9
8724,28
8724,46
8724,76
8725,48
8725,76
8725,191
8726,76
8728,42
8728,121
8728,228
8728,238
8729,42
8729,121
8729,228
8729,238
8730,9
8730,28
8730,46
8731,48
8731,191
8732,88
8732,150
8733,9
8733,46
8733,48
8733,76
8734,42
8734,121
8734,228
8734,238
8735,48
8735,76
8735,191
8738,42
8738,121
8738,228
8738,238
8739,88
8739,191
8740,42
8740,121
8740,228
8740,238
8742,21
8743,5
8743,96
8745,183
8746,72
8747,72
8748,72
8749,72
8750,21
8753,21
8754,147
8754,175
8755,72
8755,147
8755,175
8756,72
8756,175
8757,72
8758,21
8759,21
8761,72
8762,72
8764,5
8764,96
8765,72
8765,175
8766,5
8768,72
8769,21
8770,72
8771,21
8772,21
8773,21
8775,21
8777,147
8780,238
8781,21
8785,21
8786,21
8786,72
8788,5
8791,238
8792,21
8794,21
8795,21
8796,72
8797,5
8797,96
8800,42
8800,238
8801,21
8802,147
8803,238
8807,42
8807,121
8807,238
8808,147
8810,72
8811,72
8813,238
8815,21
8816,21
8817,5
8817,96
8819,72
8819,131
8819,295
8820,21
8821,72
8827,72
8827,175
8828,21
8829,5
8830,5
8831,238
8832,72
8833,183
8834,72
8834,131
8834,295
8836,21
8837,72
8838,5
8839,21
8840,72
8842,5
8842,96
8843,21
8844,238
8845,72
8846,72
8847,72
8848,72
8849,72
8850,72
8851,72
8851,147
8851,175
8853,5
8856,183
8857,183
8861,21
8862,5
8863,5
8864,96
8865,147
8865,175
8866,5
8867,5
8870,5
8871,5
8873,72
8874,147
8874,175
8875,147
8875,175
8876,147
8876,175
8877,147
8877,175
8878,147
8878,175
